{
    "0": [
        0.0,
        0.0,
        0.0,
        0.4,
        0.4
    ],
    "1": [
        0.0,
        0.0,
        0.0,
        0.64,
        1.04
    ],
    "2": [
        0.0,
        2.0,
        1.2000000000000002,
        0.64,
        1.04
    ],
    "3": [
        0.0,
        2.0,
        1.9200000000000002,
        0.784,
        1.04
    ],
    "4": [
        0.0,
        3.2,
        2.3520000000000003,
        0.784,
        1.04
    ],
    "5": [
        0.0,
        3.92,
        2.6112,
        0.784,
        1.04
    ],
    "6": [
        2.8000000000000003,
        3.92,
        2.6112,
        0.784,
        1.024
    ],
    "7": [
        4.48,
        4.352,
        2.6112,
        0.784,
        1.024
    ],
    "8": [
        5.488,
        4.6112,
        2.6112,
        0.784,
        1.024
    ],
    "9": [
        6.0928,
        4.76672,
        2.6112,
        0.784,
        1.024
    ],
    "10": [
        6.45568,
        4.460032,
        2.6112,
        0.784,
        1.024
    ],
    "11": [
        6.45568,
        4.460032,
        1.96672,
        0.784,
        1.0144
    ],
    "12": [
        6.45568,
        4.460032,
        1.96672,
        0.4704,
        1.00864
    ],
    "13": [
        7.073408000000001,
        3.8760192,
        1.96672,
        0.4704,
        1.00864
    ],
    "14": [
        7.4440448,
        3.8760192,
        1.96672,
        0.4704,
        1.005184
    ],
    "15": [
        8.06642688,
        3.52561152,
        1.96672,
        0.4704,
        1.005184
    ],
    "16": [
        8.439856128,
        3.315366912,
        1.96672,
        0.4704,
        1.005184
    ],
    "17": [
        8.6639136768,
        2.7892201472,
        1.96672,
        0.4704,
        1.005184
    ],
    "18": [
        9.19834820608,
        2.87353208832,
        1.96672,
        0.4704,
        1.005184
    ],
    "19": [
        9.19834820608,
        2.924119252992,
        1.96672,
        0.28224,
        1.005184
    ],
    "20": [
        9.119008923648,
        2.924119252992,
        1.96672,
        0.28224,
        1.4031104
    ],
    "21": [
        9.0714053541888,
        2.9544715517952,
        1.96672,
        0.28224,
        1.4031104
    ],
    "22": [
        9.0714053541888,
        2.97268293107712,
        1.96672,
        0.169344,
        1.4031104
    ],
    "23": [
        8.642843212513279,
        2.983609758646272,
        1.96672,
        0.169344,
        1.4031104
    ],
    "24": [
        8.785705927507967,
        2.990165855187763,
        1.96672,
        0.169344,
        1.4031104
    ],
    "25": [
        8.47142355650478,
        3.394099513112658,
        1.96672,
        0.169344,
        1.4031104
    ],
    "26": [
        7.8828541339028675,
        3.6364597078675946,
        1.96672,
        0.169344,
        1.4031104
    ],
    "27": [
        7.8828541339028675,
        3.7818758247205566,
        1.96672,
        0.1016064,
        1.4031104
    ],
    "28": [
        7.129712480341721,
        3.869125494832334,
        1.96672,
        0.1016064,
        1.4031104
    ],
    "29": [
        7.077827488205032,
        3.5214752968994003,
        1.96672,
        0.1016064,
        1.4031104
    ],
    "30": [
        7.04669649292302,
        3.7128851781396404,
        1.96672,
        0.1016064,
        1.4031104
    ],
    "31": [
        7.028017895753812,
        3.827731106883784,
        1.96672,
        0.1016064,
        1.4031104
    ],
    "32": [
        7.016810737452287,
        3.4966386641302702,
        1.96672,
        0.1016064,
        1.4031104
    ],
    "33": [
        7.010086442471373,
        3.697983198478162,
        1.96672,
        0.1016064,
        1.4031104
    ],
    "34": [
        7.806051865482823,
        4.218789919086897,
        1.96672,
        0.1016064,
        1.4031104
    ],
    "35": [
        8.283631119289694,
        4.218789919086897,
        1.96672,
        0.46096384,
        1.4031104
    ],
    "36": [
        8.570178671573817,
        4.131273951452139,
        1.96672,
        0.46096384,
        1.4031104
    ],
    "37": [
        8.74210720294429,
        4.0787643708712835,
        1.96672,
        0.46096384,
        1.4031104
    ],
    "38": [
        8.74210720294429,
        4.0787643708712835,
        2.380032,
        1.076578304,
        1.4031104
    ],
    "39": [
        8.445264321766574,
        4.44725862252277,
        2.380032,
        1.076578304,
        1.4031104
    ],
    "40": [
        8.267158593059944,
        4.668355173513662,
        2.380032,
        1.076578304,
        1.4031104
    ],
    "41": [
        8.560295155835966,
        4.801013104108197,
        2.380032,
        1.076578304,
        1.4031104
    ],
    "42": [
        8.73617709350158,
        4.8806078624649185,
        2.380032,
        1.076578304,
        1.4031104
    ],
    "43": [
        8.841706256100947,
        4.928364717478951,
        2.380032,
        1.076578304,
        1.4031104
    ],
    "44": [
        9.705023753660567,
        4.957018830487371,
        2.380032,
        1.076578304,
        1.4031104
    ],
    "45": [
        10.223014252196341,
        4.574211298292423,
        2.380032,
        1.076578304,
        1.4031104
    ],
    "46": [
        10.533808551317804,
        3.9445267789754537,
        2.380032,
        1.076578304,
        1.4031104
    ],
    "47": [
        11.120285130790682,
        3.9445267789754537,
        1.8280192,
        1.076578304,
        1.4031104
    ]
}