{
    "0": [
        0.0,
        0.0,
        0.0,
        5.0,
        74.89999999999999,
        15.899999999999999,
        20.4,
        0.0,
        0.0,
        0.0,
        5.0,
        0.0,
        0.0,
        0.0,
        0.0,
        5.0,
        0.0,
        0.0,
        0.0,
        0.0,
        22.5,
        0.0,
        0.0,
        0.0,
        5.0,
        0.0,
        0.0,
        0.0,
        0.0,
        0.0
    ],
    "1": [
        0.0,
        0.0,
        0.0,
        5.0,
        122.33,
        15.899999999999999,
        34.08,
        0.0,
        0.0,
        19.8,
        5.0,
        19.8,
        0.0,
        0.0,
        0.0,
        5.0,
        0.0,
        0.0,
        0.0,
        0.0,
        22.5,
        0.0,
        0.0,
        0.0,
        67.1,
        0.0,
        0.0,
        0.0,
        0.0,
        0.0
    ],
    "2": [
        5.3999999999999995,
        0.0,
        0.0,
        5.0,
        154.031,
        15.899999999999999,
        44.556,
        0.0,
        0.0,
        19.8,
        5.0,
        19.8,
        0.0,
        0.0,
        0.0,
        5.0,
        0.0,
        0.0,
        0.0,
        0.0,
        22.5,
        0.0,
        0.0,
        0.0,
        109.37,
        0.0,
        0.0,
        0.0,
        0.0,
        0.0
    ],
    "3": [
        5.3999999999999995,
        0.0,
        0.0,
        5.0,
        176.5217,
        15.899999999999999,
        44.556,
        0.0,
        0.0,
        19.8,
        41.0,
        33.96,
        0.0,
        0.0,
        0.0,
        5.0,
        0.0,
        0.0,
        0.0,
        0.0,
        38.25,
        0.0,
        0.0,
        0.0,
        138.659,
        0.0,
        0.0,
        0.0,
        0.0,
        0.0
    ],
    "4": [
        5.3999999999999995,
        0.0,
        0.0,
        5.0,
        192.26519000000002,
        15.899999999999999,
        51.5892,
        0.0,
        0.0,
        19.8,
        69.8,
        33.96,
        0.0,
        0.0,
        0.0,
        5.0,
        0.0,
        0.0,
        0.0,
        0.0,
        48.675,
        0.0,
        0.0,
        0.0,
        156.7613,
        0.0,
        0.0,
        0.0,
        0.0,
        0.0
    ],
    "5": [
        5.3999999999999995,
        0.0,
        0.0,
        5.0,
        202.085633,
        15.899999999999999,
        51.5892,
        0.0,
        0.0,
        19.8,
        93.25999999999999,
        43.872,
        0.0,
        0.0,
        0.0,
        5.0,
        0.0,
        0.0,
        0.0,
        0.0,
        55.9725,
        0.0,
        0.0,
        0.0,
        169.73291,
        0.0,
        0.0,
        0.0,
        0.0,
        0.0
    ],
    "6": [
        5.3999999999999995,
        0.0,
        0.0,
        5.0,
        208.9599431,
        15.899999999999999,
        59.21244,
        0.0,
        0.0,
        19.8,
        111.18199999999999,
        52.0104,
        0.0,
        0.0,
        0.0,
        5.0,
        0.0,
        0.0,
        0.0,
        0.0,
        55.9725,
        0.0,
        0.0,
        0.0,
        177.613037,
        0.0,
        0.0,
        0.0,
        0.0,
        0.0
    ],
    "7": [
        5.3999999999999995,
        0.0,
        0.0,
        5.0,
        213.47196017,
        15.899999999999999,
        65.448708,
        0.0,
        0.0,
        19.8,
        122.22739999999999,
        52.0104,
        0.0,
        0.0,
        0.0,
        5.0,
        0.0,
        0.0,
        0.0,
        0.0,
        61.98075,
        0.0,
        0.0,
        0.0,
        183.72912589999999,
        0.0,
        0.0,
        0.0,
        0.0,
        0.0
    ],
    "8": [
        5.3999999999999995,
        0.0,
        0.0,
        5.0,
        217.23037211899998,
        15.899999999999999,
        69.51409559999999,
        0.0,
        0.0,
        19.8,
        130.25918,
        52.0104,
        0.0,
        0.0,
        0.0,
        5.0,
        0.0,
        0.0,
        0.0,
        0.0,
        68.286525,
        0.0,
        0.0,
        0.0,
        187.41038813,
        0.0,
        0.0,
        0.0,
        0.0,
        0.0
    ],
    "9": [
        5.3999999999999995,
        0.0,
        0.0,
        5.0,
        218.96126048329998,
        15.899999999999999,
        71.45986692,
        0.0,
        0.0,
        19.8,
        135.581426,
        52.0104,
        0.0,
        0.0,
        0.0,
        5.0,
        0.0,
        0.0,
        0.0,
        0.0,
        73.6005675,
        0.0,
        0.0,
        0.0,
        190.587271691,
        0.0,
        0.0,
        0.0,
        0.0,
        0.0
    ],
    "10": [
        5.3999999999999995,
        0.0,
        0.0,
        5.0,
        219.57288233831,
        15.899999999999999,
        73.121906844,
        0.0,
        0.0,
        19.8,
        139.9069982,
        52.0104,
        0.0,
        0.0,
        0.0,
        5.0,
        0.0,
        0.0,
        0.0,
        0.0,
        77.02039725,
        0.0,
        0.0,
        0.0,
        193.7110901837,
        0.0,
        0.0,
        0.0,
        0.0,
        0.0
    ],
    "11": [
        5.3999999999999995,
        0.0,
        0.0,
        5.0,
        213.401017636817,
        15.899999999999999,
        72.1853347908,
        0.0,
        0.0,
        19.8,
        140.83489874,
        52.0104,
        0.0,
        0.0,
        0.0,
        5.0,
        0.0,
        0.0,
        0.0,
        0.0,
        78.51427807500001,
        0.0,
        0.0,
        0.0,
        195.89776312859001,
        0.0,
        0.0,
        0.0,
        0.0,
        0.0
    ],
    "12": [
        5.3999999999999995,
        0.0,
        0.0,
        5.0,
        210.2807123457719,
        15.899999999999999,
        71.82973435356,
        0.0,
        0.0,
        19.8,
        138.784429118,
        52.0104,
        0.0,
        0.0,
        0.0,
        5.0,
        0.0,
        0.0,
        0.0,
        0.0,
        78.9599946525,
        0.0,
        0.0,
        0.0,
        201.028434190013,
        0.0,
        0.0,
        0.0,
        0.0,
        0.0
    ],
    "13": [
        5.3999999999999995,
        0.0,
        0.0,
        5.0,
        211.69649864204032,
        15.899999999999999,
        70.68081404749199,
        0.0,
        0.0,
        19.8,
        138.5491003826,
        52.0104,
        0.0,
        0.0,
        0.0,
        5.0,
        0.0,
        0.0,
        0.0,
        0.0,
        80.47199625675,
        0.0,
        0.0,
        0.0,
        204.6199039330091,
        0.0,
        0.0,
        0.0,
        0.0,
        0.0
    ]
}