{
    "0": [
        0.0,
        0.0,
        0.0,
        5.0,
        5.0,
        32.699999999999996,
        0.0,
        0.0,
        0.0,
        0.0,
        5.0,
        0.0,
        0.0,
        0.0,
        0.0,
        5.0,
        8.4,
        0.0,
        0.0,
        0.0,
        25.5,
        0.0,
        0.0,
        0.0,
        5.0,
        0.0,
        0.0,
        0.0,
        0.0,
        0.0
    ],
    "1": [
        0.0,
        0.0,
        0.0,
        23.0,
        5.0,
        55.29,
        0.0,
        0.0,
        0.0,
        0.0,
        5.0,
        0.0,
        0.0,
        0.0,
        0.0,
        5.0,
        8.4,
        0.0,
        0.0,
        0.0,
        45.15,
        0.0,
        0.0,
        0.0,
        5.0,
        0.0,
        0.0,
        0.0,
        0.0,
        0.0
    ],
    "2": [
        0.0,
        0.0,
        0.0,
        36.5,
        5.0,
        71.40299999999999,
        0.0,
        0.0,
        0.0,
        0.0,
        5.0,
        0.0,
        0.0,
        0.0,
        0.0,
        5.0,
        13.68,
        0.0,
        0.0,
        0.0,
        57.105,
        0.0,
        0.0,
        0.0,
        5.0,
        0.0,
        0.8999999999999999,
        0.0,
        0.0,
        0.0
    ],
    "3": [
        0.0,
        0.0,
        0.0,
        45.35,
        5.0,
        82.0821,
        0.0,
        0.0,
        0.0,
        0.0,
        35.0,
        0.0,
        0.0,
        0.0,
        0.0,
        5.0,
        13.68,
        0.0,
        0.0,
        0.0,
        64.2735,
        0.0,
        0.0,
        0.0,
        5.0,
        0.0,
        0.8999999999999999,
        0.0,
        0.0,
        0.0
    ],
    "4": [
        0.0,
        0.0,
        0.0,
        51.245000000000005,
        5.0,
        91.05747,
        0.0,
        0.0,
        0.0,
        0.0,
        59.0,
        0.0,
        0.0,
        0.0,
        0.0,
        30.8,
        13.68,
        0.0,
        0.0,
        0.0,
        68.99145,
        0.0,
        0.0,
        0.0,
        5.0,
        0.0,
        0.8999999999999999,
        0.0,
        0.0,
        0.0
    ],
    "5": [
        0.0,
        0.0,
        0.0,
        55.6715,
        5.0,
        95.540229,
        0.0,
        0.0,
        0.0,
        0.0,
        77.9,
        0.0,
        0.0,
        0.0,
        0.0,
        30.8,
        13.68,
        0.0,
        0.0,
        0.0,
        72.594015,
        0.0,
        0.0,
        0.0,
        5.0,
        0.0,
        0.8999999999999999,
        0.0,
        0.0,
        0.0
    ],
    "6": [
        0.0,
        0.0,
        0.0,
        57.87005,
        5.0,
        99.87816029999999,
        0.0,
        0.0,
        0.0,
        0.0,
        92.33,
        0.0,
        0.0,
        0.0,
        0.0,
        49.16,
        13.68,
        0.0,
        0.0,
        0.0,
        75.7158105,
        0.0,
        0.0,
        0.0,
        5.0,
        0.0,
        0.8999999999999999,
        0.0,
        0.0,
        0.0
    ],
    "7": [
        0.0,
        0.0,
        0.0,
        58.209035,
        5.0,
        105.31471221,
        0.0,
        0.0,
        0.0,
        0.0,
        103.031,
        0.0,
        0.0,
        0.0,
        0.0,
        49.16,
        16.776,
        0.0,
        0.0,
        0.0,
        77.90106735,
        0.0,
        0.0,
        0.0,
        5.0,
        0.0,
        0.8999999999999999,
        0.0,
        0.0,
        0.0
    ],
    "8": [
        0.0,
        0.0,
        0.0,
        58.4463245,
        5.0,
        109.720298547,
        0.0,
        0.0,
        0.0,
        0.0,
        110.8217,
        0.0,
        0.0,
        0.0,
        0.0,
        63.512,
        16.776,
        0.0,
        0.0,
        0.0,
        81.530747145,
        0.0,
        0.0,
        0.0,
        5.0,
        0.0,
        0.8999999999999999,
        0.0,
        0.0,
        0.0
    ],
    "9": [
        0.0,
        0.0,
        0.0,
        56.812427150000005,
        5.0,
        113.4042089829,
        0.0,
        0.0,
        0.0,
        0.0,
        117.47519,
        0.0,
        0.0,
        0.0,
        0.0,
        71.7584,
        16.776,
        0.0,
        0.0,
        0.0,
        84.6715230015,
        0.0,
        0.0,
        0.0,
        5.0,
        0.0,
        0.8999999999999999,
        0.0,
        0.0,
        0.0
    ],
    "10": [
        0.0,
        0.0,
        0.0,
        56.568699005000006,
        5.0,
        115.98294628803,
        0.0,
        0.0,
        0.0,
        0.0,
        122.73263299999999,
        0.0,
        0.0,
        0.0,
        0.0,
        77.53088,
        16.776,
        0.0,
        0.0,
        0.0,
        85.67006610105,
        0.0,
        0.0,
        0.0,
        5.0,
        0.0,
        0.8999999999999999,
        0.0,
        0.0,
        0.0
    ],
    "11": [
        0.0,
        0.0,
        0.0,
        54.29808930350001,
        5.0,
        119.288062401621,
        0.0,
        0.0,
        0.0,
        0.0,
        125.5128431,
        0.0,
        0.0,
        0.0,
        0.0,
        81.57161599999999,
        16.776,
        0.0,
        0.0,
        0.0,
        85.46904627073499,
        0.0,
        0.0,
        0.0,
        5.0,
        0.0,
        0.8999999999999999,
        0.0,
        0.0,
        0.0
    ],
    "12": [
        0.0,
        0.0,
        0.0,
        52.708662512450005,
        5.0,
        121.9016436811347,
        0.0,
        0.0,
        0.0,
        0.0,
        126.25899017,
        0.0,
        0.0,
        0.0,
        0.0,
        82.3001312,
        16.776,
        0.0,
        0.0,
        0.0,
        83.8283323895145,
        0.0,
        0.0,
        0.0,
        5.0,
        0.0,
        0.8999999999999999,
        0.0,
        0.0,
        0.0
    ],
    "13": [
        0.0,
        0.0,
        0.0,
        52.496063758715,
        5.0,
        124.33115057679429,
        0.0,
        0.0,
        0.0,
        0.0,
        126.481293119,
        0.0,
        0.0,
        0.0,
        0.0,
        81.61009184,
        16.776,
        0.0,
        0.0,
        0.0,
        83.57983267266015,
        0.0,
        0.0,
        0.0,
        5.0,
        0.0,
        0.8999999999999999,
        0.0,
        0.0,
        0.0
    ]
}