{
    "0": [
        0.0,
        0.0,
        0.0,
        5.0,
        5.0,
        0.0,
        0.0,
        0.0,
        0.0,
        0.0,
        5.0,
        0.0,
        0.0,
        0.0,
        0.0,
        21.5,
        0.0,
        0.0,
        54.0,
        0.0,
        0.0,
        0.0,
        0.0,
        45.3,
        5.0,
        0.0,
        0.0,
        0.0,
        0.0,
        0.0
    ],
    "1": [
        0.0,
        0.0,
        0.0,
        5.0,
        5.0,
        0.0,
        0.0,
        0.0,
        0.0,
        10.799999999999999,
        5.0,
        45.9,
        0.0,
        0.0,
        0.0,
        21.5,
        0.0,
        0.0,
        91.5,
        0.0,
        0.0,
        0.0,
        0.0,
        79.41,
        81.5,
        0.0,
        0.0,
        0.0,
        0.0,
        0.0
    ],
    "2": [
        0.0,
        0.0,
        0.0,
        5.0,
        5.0,
        0.0,
        0.0,
        0.0,
        0.0,
        10.799999999999999,
        5.0,
        77.72999999999999,
        0.0,
        0.0,
        0.0,
        31.25,
        0.0,
        0.0,
        118.05,
        0.0,
        0.0,
        0.0,
        0.0,
        105.687,
        131.45,
        0.0,
        0.0,
        0.0,
        0.0,
        0.0
    ],
    "3": [
        0.0,
        0.0,
        0.0,
        5.0,
        5.0,
        0.0,
        0.0,
        0.0,
        0.0,
        10.799999999999999,
        5.0,
        102.71099999999998,
        0.0,
        0.0,
        0.0,
        38.375,
        0.0,
        0.0,
        136.635,
        0.0,
        0.0,
        0.0,
        0.0,
        123.1809,
        164.315,
        0.0,
        0.0,
        0.0,
        0.0,
        0.0
    ],
    "4": [
        0.0,
        0.0,
        0.0,
        5.0,
        5.0,
        0.0,
        0.0,
        0.0,
        0.0,
        10.799999999999999,
        5.0,
        121.39769999999999,
        0.0,
        0.0,
        0.0,
        42.7625,
        0.0,
        0.0,
        147.2445,
        0.0,
        0.0,
        0.0,
        0.0,
        139.02662999999998,
        186.1205,
        0.0,
        0.0,
        0.0,
        0.0,
        0.0
    ],
    "5": [
        0.0,
        0.0,
        0.0,
        5.0,
        5.0,
        0.0,
        0.0,
        0.0,
        0.0,
        10.799999999999999,
        5.0,
        135.67838999999998,
        0.0,
        0.0,
        0.0,
        46.13375,
        0.0,
        0.0,
        158.27114999999998,
        0.0,
        0.0,
        0.0,
        0.0,
        145.618641,
        200.48435,
        0.0,
        0.0,
        0.0,
        0.0,
        0.0
    ],
    "6": [
        0.0,
        0.0,
        0.0,
        5.0,
        5.0,
        0.0,
        0.0,
        0.0,
        0.0,
        10.799999999999999,
        5.0,
        145.37487299999998,
        0.0,
        0.0,
        0.0,
        46.993625,
        0.0,
        0.0,
        162.08980499999998,
        0.0,
        0.0,
        0.0,
        0.0,
        149.0330487,
        209.03904500000002,
        0.0,
        0.0,
        0.0,
        0.0,
        0.0
    ],
    "7": [
        0.0,
        0.0,
        0.0,
        5.0,
        5.0,
        0.0,
        0.0,
        0.0,
        0.0,
        10.799999999999999,
        5.0,
        153.0624111,
        0.0,
        0.0,
        0.0,
        47.5955375,
        0.0,
        0.0,
        166.8628635,
        0.0,
        0.0,
        0.0,
        0.0,
        150.82313409,
        215.3273315,
        0.0,
        0.0,
        0.0,
        0.0,
        0.0
    ],
    "8": [
        0.0,
        0.0,
        0.0,
        5.0,
        5.0,
        0.0,
        0.0,
        0.0,
        0.0,
        10.799999999999999,
        5.0,
        156.94368777,
        0.0,
        0.0,
        0.0,
        47.41687625,
        0.0,
        0.0,
        172.60400445,
        0.0,
        0.0,
        0.0,
        0.0,
        149.076193863,
        217.92913205000002,
        0.0,
        0.0,
        0.0,
        0.0,
        0.0
    ],
    "9": [
        0.0,
        0.0,
        0.0,
        5.0,
        5.0,
        0.0,
        0.0,
        0.0,
        0.0,
        10.799999999999999,
        5.0,
        159.360581439,
        0.0,
        0.0,
        0.0,
        46.691813375,
        0.0,
        0.0,
        177.522803115,
        0.0,
        0.0,
        0.0,
        0.0,
        147.8533357041,
        218.55039243500002,
        0.0,
        0.0,
        0.0,
        0.0,
        0.0
    ],
    "10": [
        0.0,
        0.0,
        0.0,
        5.0,
        5.0,
        0.0,
        0.0,
        0.0,
        0.0,
        10.799999999999999,
        5.0,
        161.3524070073,
        0.0,
        0.0,
        0.0,
        46.7842693625,
        0.0,
        0.0,
        181.8659621805,
        0.0,
        0.0,
        0.0,
        0.0,
        147.89733499287001,
        221.08527470450002,
        0.0,
        0.0,
        0.0,
        0.0,
        0.0
    ],
    "11": [
        0.0,
        0.0,
        0.0,
        5.0,
        5.0,
        0.0,
        0.0,
        0.0,
        0.0,
        10.799999999999999,
        5.0,
        162.74668490511,
        0.0,
        0.0,
        0.0,
        47.748988553749996,
        0.0,
        0.0,
        184.30617352635,
        0.0,
        0.0,
        0.0,
        0.0,
        149.12813449500902,
        222.85969229315,
        0.0,
        0.0,
        0.0,
        0.0,
        0.0
    ],
    "12": [
        0.0,
        0.0,
        0.0,
        5.0,
        5.0,
        0.0,
        0.0,
        0.0,
        0.0,
        10.799999999999999,
        5.0,
        162.522679433577,
        0.0,
        0.0,
        0.0,
        50.824291987624996,
        0.0,
        0.0,
        188.11432146844498,
        0.0,
        0.0,
        0.0,
        0.0,
        149.68969414650633,
        224.701784605205,
        0.0,
        0.0,
        0.0,
        0.0,
        0.0
    ],
    "13": [
        0.0,
        0.0,
        0.0,
        5.0,
        5.0,
        0.0,
        0.0,
        0.0,
        0.0,
        10.799999999999999,
        5.0,
        161.4658756035039,
        0.0,
        0.0,
        0.0,
        50.824291987624996,
        0.0,
        0.0,
        193.78002502791148,
        0.0,
        0.0,
        0.0,
        0.0,
        146.78278590255442,
        223.2912492236435,
        0.0,
        0.0,
        0.0,
        0.0,
        0.0
    ]
}