{
    "0": [
        0.0,
        0.0,
        2.5,
        0.0,
        0.5
    ],
    "1": [
        0.0,
        0.0,
        2.5,
        0.5,
        1.25
    ],
    "2": [
        2.5,
        0.0,
        2.5,
        0.5,
        1.625
    ],
    "3": [
        3.75,
        0.0,
        2.5,
        0.5,
        1.3125
    ],
    "4": [
        3.75,
        2.5,
        2.5,
        0.5,
        1.15625
    ],
    "5": [
        5.375,
        2.5,
        2.75,
        0.5,
        1.15625
    ],
    "6": [
        5.375,
        2.5,
        1.875,
        0.5,
        1.078125
    ],
    "7": [
        5.375,
        2.5,
        1.875,
        0.25,
        1.0390625
    ],
    "8": [
        6.1875,
        3.75,
        1.875,
        0.25,
        1.0390625
    ],
    "9": [
        6.1875,
        4.375,
        1.875,
        0.25,
        1.01953125
    ],
    "10": [
        6.59375,
        4.1875,
        1.875,
        0.25,
        1.01953125
    ],
    "11": [
        6.796875,
        4.09375,
        1.875,
        0.25,
        1.01953125
    ],
    "12": [
        6.8984375,
        3.546875,
        1.875,
        0.25,
        1.01953125
    ],
    "13": [
        7.44921875,
        3.2734375,
        1.875,
        0.25,
        1.01953125
    ],
    "14": [
        7.724609375,
        3.13671875,
        1.875,
        0.25,
        1.01953125
    ],
    "15": [
        8.3623046875,
        3.068359375,
        1.875,
        0.25,
        1.01953125
    ],
    "16": [
        8.68115234375,
        3.0341796875,
        1.875,
        0.25,
        1.01953125
    ],
    "17": [
        8.840576171875,
        2.51708984375,
        1.875,
        0.25,
        1.01953125
    ],
    "18": [
        8.840576171875,
        2.758544921875,
        1.875,
        0.25,
        1.509765625
    ],
    "19": [
        8.9202880859375,
        2.8792724609375,
        1.875,
        0.25,
        1.509765625
    ],
    "20": [
        8.96014404296875,
        2.93963623046875,
        1.875,
        0.25,
        1.509765625
    ],
    "21": [
        8.980072021484375,
        2.969818115234375,
        1.875,
        0.25,
        1.509765625
    ],
    "22": [
        8.990036010742188,
        2.9849090576171875,
        1.875,
        0.25,
        1.509765625
    ],
    "23": [
        8.495018005371094,
        2.9924545288085938,
        1.875,
        0.25,
        1.509765625
    ],
    "24": [
        8.495018005371094,
        2.996227264404297,
        3.9375,
        0.25,
        1.509765625
    ],
    "25": [
        8.247509002685547,
        2.996227264404297,
        4.96875,
        0.25,
        1.509765625
    ],
    "26": [
        8.247509002685547,
        3.4981136322021484,
        5.984375,
        0.25,
        1.509765625
    ],
    "27": [
        7.123754501342773,
        3.749056816101074,
        5.984375,
        0.25,
        1.509765625
    ],
    "28": [
        6.561877250671387,
        3.749056816101074,
        6.4921875,
        0.25,
        1.509765625
    ],
    "29": [
        6.780938625335693,
        3.749056816101074,
        6.4921875,
        0.125,
        1.509765625
    ],
    "30": [
        6.890469312667847,
        3.749056816101074,
        6.74609375,
        0.125,
        1.509765625
    ],
    "31": [
        6.890469312667847,
        3.749056816101074,
        6.873046875,
        0.125,
        1.2548828125
    ],
    "32": [
        6.945234656333923,
        3.749056816101074,
        6.4365234375,
        0.125,
        1.2548828125
    ],
    "33": [
        6.945234656333923,
        3.874528408050537,
        5.71826171875,
        0.125,
        1.2548828125
    ],
    "34": [
        7.972617328166962,
        3.874528408050537,
        5.71826171875,
        0.125,
        1.12744140625
    ],
    "35": [
        8.48630866408348,
        3.874528408050537,
        4.859130859375,
        0.125,
        1.12744140625
    ],
    "36": [
        8.74315433204174,
        3.874528408050537,
        4.4295654296875,
        0.125,
        1.12744140625
    ],
    "37": [
        8.87157716602087,
        3.874528408050537,
        4.21478271484375,
        0.125,
        1.12744140625
    ],
    "38": [
        8.935788583010435,
        3.874528408050537,
        3.607391357421875,
        0.125,
        1.12744140625
    ],
    "39": [
        8.467894291505218,
        4.4372642040252686,
        3.607391357421875,
        0.125,
        1.12744140625
    ],
    "40": [
        8.467894291505218,
        4.718632102012634,
        2.8036956787109375,
        0.125,
        1.12744140625
    ],
    "41": [
        8.733947145752609,
        4.859316051006317,
        2.8036956787109375,
        0.125,
        1.12744140625
    ],
    "42": [
        8.866973572876304,
        4.929658025503159,
        2.8036956787109375,
        0.125,
        1.12744140625
    ],
    "43": [
        8.866973572876304,
        4.964829012751579,
        2.8036956787109375,
        1.0625,
        1.12744140625
    ],
    "44": [
        9.933486786438152,
        4.98241450637579,
        2.8036956787109375,
        1.0625,
        1.12744140625
    ],
    "45": [
        10.466743393219076,
        4.491207253187895,
        2.8036956787109375,
        1.0625,
        1.12744140625
    ],
    "46": [
        10.466743393219076,
        3.7456036265939474,
        2.8036956787109375,
        1.03125,
        1.12744140625
    ],
    "47": [
        10.466743393219076,
        3.7456036265939474,
        2.8036956787109375,
        1.515625,
        2.063720703125
    ]
}