{
    "0": [
        0.0,
        0.0,
        0.0,
        5.0,
        5.0,
        0.0,
        0.0,
        0.0,
        0.0,
        0.0,
        5.0,
        0.0,
        0.0,
        0.0,
        0.0,
        5.0,
        0.0,
        0.0,
        52.8,
        0.0,
        0.0,
        0.0,
        0.0,
        0.0,
        5.0,
        0.0,
        1.7999999999999998,
        0.0,
        0.0,
        0.0
    ],
    "1": [
        0.0,
        0.0,
        0.0,
        44.0,
        5.0,
        0.0,
        0.0,
        0.0,
        0.0,
        0.0,
        5.0,
        0.0,
        0.0,
        0.0,
        0.0,
        5.0,
        0.0,
        0.0,
        90.36,
        0.0,
        0.0,
        0.0,
        0.0,
        0.0,
        5.0,
        54.9,
        1.7999999999999998,
        0.0,
        0.0,
        0.0
    ],
    "2": [
        0.0,
        0.0,
        0.0,
        72.8,
        5.0,
        0.0,
        0.0,
        0.0,
        0.0,
        0.0,
        5.0,
        0.0,
        0.0,
        0.0,
        0.0,
        5.0,
        7.199999999999999,
        0.0,
        115.452,
        0.0,
        0.0,
        0.0,
        0.0,
        19.2,
        5.0,
        91.83,
        1.7999999999999998,
        0.0,
        0.0,
        0.0
    ],
    "3": [
        0.0,
        0.0,
        0.0,
        91.75999999999999,
        5.0,
        0.0,
        0.0,
        0.0,
        0.0,
        0.0,
        5.0,
        0.0,
        0.0,
        0.0,
        0.0,
        5.0,
        11.64,
        0.0,
        135.4164,
        0.0,
        0.0,
        0.0,
        0.0,
        32.64,
        5.0,
        117.381,
        1.7999999999999998,
        0.0,
        0.0,
        0.0
    ],
    "4": [
        0.0,
        0.0,
        0.0,
        103.532,
        5.0,
        0.0,
        26.4,
        0.0,
        0.0,
        0.0,
        5.0,
        0.0,
        0.0,
        0.0,
        0.0,
        52.699999999999996,
        11.64,
        0.0,
        146.09148000000002,
        0.0,
        0.0,
        0.0,
        0.0,
        32.64,
        5.0,
        135.5667,
        1.7999999999999998,
        0.0,
        0.0,
        0.0
    ],
    "5": [
        0.0,
        0.0,
        0.0,
        109.6724,
        5.0,
        0.0,
        26.4,
        0.0,
        0.0,
        0.0,
        5.0,
        0.0,
        0.0,
        0.0,
        0.0,
        85.49,
        11.64,
        0.0,
        160.164036,
        0.0,
        0.0,
        0.0,
        0.0,
        42.348,
        5.0,
        147.99669,
        1.7999999999999998,
        0.0,
        0.0,
        0.0
    ],
    "6": [
        0.0,
        0.0,
        0.0,
        112.47068,
        5.0,
        0.0,
        26.4,
        0.0,
        0.0,
        0.0,
        5.0,
        0.0,
        0.0,
        0.0,
        0.0,
        108.443,
        11.64,
        0.0,
        170.9148252,
        0.0,
        0.0,
        0.0,
        0.0,
        49.1436,
        5.0,
        157.297683,
        1.7999999999999998,
        0.0,
        0.0,
        0.0
    ],
    "7": [
        0.0,
        0.0,
        0.0,
        116.229476,
        5.0,
        0.0,
        26.4,
        0.0,
        0.0,
        0.0,
        5.0,
        0.0,
        0.0,
        0.0,
        0.0,
        126.0101,
        11.64,
        0.0,
        179.04037764,
        0.0,
        0.0,
        0.0,
        0.0,
        53.90052,
        5.0,
        164.1083781,
        1.7999999999999998,
        0.0,
        0.0,
        0.0
    ],
    "8": [
        0.0,
        0.0,
        0.0,
        117.6606332,
        5.0,
        0.0,
        26.4,
        0.0,
        0.0,
        0.0,
        5.0,
        0.0,
        0.0,
        0.0,
        0.0,
        141.90707,
        11.64,
        0.0,
        184.728264348,
        0.0,
        0.0,
        0.0,
        0.0,
        57.230364,
        5.0,
        168.57586467000002,
        1.7999999999999998,
        0.0,
        0.0,
        0.0
    ],
    "9": [
        0.0,
        0.0,
        0.0,
        118.36244324,
        5.0,
        0.0,
        26.4,
        0.0,
        0.0,
        0.0,
        5.0,
        0.0,
        0.0,
        0.0,
        0.0,
        153.334949,
        11.64,
        0.0,
        188.1097850436,
        0.0,
        0.0,
        0.0,
        0.0,
        59.5612548,
        5.0,
        174.10310526900003,
        1.7999999999999998,
        0.0,
        0.0,
        0.0
    ],
    "10": [
        0.0,
        0.0,
        0.0,
        120.053710268,
        5.0,
        0.0,
        26.4,
        0.0,
        0.0,
        0.0,
        5.0,
        0.0,
        0.0,
        0.0,
        0.0,
        164.0344643,
        11.64,
        0.0,
        187.77684953052,
        0.0,
        0.0,
        0.0,
        0.0,
        61.19287836,
        5.0,
        178.5721736883,
        1.7999999999999998,
        0.0,
        0.0,
        0.0
    ],
    "11": [
        0.0,
        0.0,
        0.0,
        118.2375971876,
        5.0,
        0.0,
        26.4,
        0.0,
        0.0,
        0.0,
        5.0,
        0.0,
        0.0,
        0.0,
        0.0,
        170.32412501,
        11.64,
        0.0,
        188.143794671364,
        0.0,
        0.0,
        0.0,
        0.0,
        62.335014852,
        5.0,
        181.40052158181,
        1.7999999999999998,
        0.0,
        0.0,
        0.0
    ],
    "12": [
        0.0,
        0.0,
        0.0,
        119.66631803132,
        5.0,
        0.0,
        26.4,
        0.0,
        0.0,
        0.0,
        5.0,
        0.0,
        0.0,
        0.0,
        0.0,
        173.526887507,
        11.64,
        0.0,
        188.4006562699548,
        0.0,
        0.0,
        0.0,
        0.0,
        62.8345103964,
        5.0,
        183.980365107267,
        1.7999999999999998,
        0.0,
        0.0,
        0.0
    ],
    "13": [
        0.0,
        0.0,
        0.0,
        121.866422621924,
        5.0,
        0.0,
        26.4,
        0.0,
        0.0,
        0.0,
        5.0,
        0.0,
        0.0,
        0.0,
        0.0,
        178.1688212549,
        11.64,
        0.0,
        188.88045938896835,
        0.0,
        0.0,
        0.0,
        0.0,
        62.88415727748,
        5.0,
        187.2862555750869,
        1.7999999999999998,
        0.0,
        0.0,
        0.0
    ]
}