{
    "0": [
        0.0,
        0.0,
        0.0,
        0.5,
        0.5
    ],
    "1": [
        0.0,
        0.0,
        0.0,
        0.75,
        1.25
    ],
    "2": [
        0.0,
        0.0,
        0.0,
        0.875,
        1.625
    ],
    "3": [
        0.0,
        0.0,
        0.0,
        0.9375,
        1.3125
    ],
    "4": [
        3.0,
        0.0,
        0.0,
        0.9375,
        1.15625
    ],
    "5": [
        5.0,
        0.0,
        0.0,
        0.9375,
        1.078125
    ],
    "6": [
        6.0,
        0.0,
        0.0,
        0.9375,
        1.0390625
    ],
    "7": [
        6.5,
        0.0,
        0.0,
        0.9375,
        1.01953125
    ],
    "8": [
        6.75,
        0.0,
        0.0,
        0.9375,
        1.009765625
    ],
    "9": [
        6.875,
        0.0,
        0.0,
        0.9375,
        1.0048828125
    ],
    "10": [
        6.9375,
        0.0,
        0.0,
        0.9375,
        1.00244140625
    ],
    "11": [
        6.96875,
        0.0,
        0.0,
        0.9375,
        1.001220703125
    ],
    "12": [
        6.984375,
        0.0,
        0.0,
        0.9375,
        1.0006103515625
    ],
    "13": [
        7.4921875,
        0.0,
        0.0,
        0.9375,
        1.00030517578125
    ],
    "14": [
        7.74609375,
        0.0,
        0.0,
        0.9375,
        1.000152587890625
    ],
    "15": [
        8.373046875,
        0.0,
        0.0,
        0.9375,
        1.0000762939453125
    ],
    "16": [
        8.6865234375,
        0.0,
        0.0,
        0.9375,
        1.5000381469726562
    ],
    "17": [
        8.84326171875,
        0.0,
        0.0,
        0.9375,
        1.7500190734863281
    ],
    "18": [
        9.421630859375,
        0.0,
        0.0,
        0.9375,
        1.875009536743164
    ],
    "19": [
        9.2108154296875,
        0.0,
        0.0,
        0.9375,
        1.937504768371582
    ],
    "20": [
        9.10540771484375,
        0.0,
        0.0,
        0.9375,
        1.968752384185791
    ],
    "21": [
        9.052703857421875,
        0.0,
        0.0,
        0.9375,
        1.9843761920928955
    ],
    "22": [
        9.026351928710938,
        0.0,
        0.0,
        0.9375,
        1.9921880960464478
    ],
    "23": [
        8.513175964355469,
        0.0,
        0.0,
        0.9375,
        1.9960940480232239
    ],
    "24": [
        8.756587982177734,
        0.0,
        0.0,
        0.9375,
        1.998047024011612
    ],
    "25": [
        8.378293991088867,
        0.0,
        0.0,
        0.9375,
        1.999023512005806
    ],
    "26": [
        7.689146995544434,
        0.0,
        0.0,
        0.9375,
        1.499511756002903
    ],
    "27": [
        6.844573497772217,
        0.0,
        0.0,
        0.9375,
        1.2497558780014515
    ],
    "28": [
        6.422286748886108,
        0.0,
        0.0,
        0.9375,
        0.6248779390007257
    ],
    "29": [
        6.711143374443054,
        0.0,
        0.0,
        0.46875,
        0.6248779390007257
    ],
    "30": [
        6.855571687221527,
        0.0,
        0.0,
        0.46875,
        0.3124389695003629
    ],
    "31": [
        6.9277858436107635,
        0.0,
        0.0,
        0.46875,
        0.6562194847501814
    ],
    "32": [
        6.963892921805382,
        0.0,
        0.0,
        0.46875,
        0.8281097423750907
    ],
    "33": [
        6.963892921805382,
        2.0,
        0.0,
        1.234375,
        0.8281097423750907
    ],
    "34": [
        7.981946460902691,
        3.5,
        0.0,
        1.234375,
        0.8281097423750907
    ],
    "35": [
        8.490973230451345,
        4.25,
        0.0,
        1.234375,
        0.8281097423750907
    ],
    "36": [
        8.745486615225673,
        4.125,
        0.0,
        1.234375,
        0.8281097423750907
    ],
    "37": [
        8.872743307612836,
        4.0625,
        0.0,
        1.234375,
        0.8281097423750907
    ],
    "38": [
        8.872743307612836,
        4.53125,
        0.0,
        1.6171875,
        0.8281097423750907
    ],
    "39": [
        8.436371653806418,
        4.765625,
        0.0,
        1.6171875,
        0.8281097423750907
    ],
    "40": [
        8.218185826903209,
        4.8828125,
        0.0,
        1.6171875,
        0.8281097423750907
    ],
    "41": [
        8.609092913451605,
        4.94140625,
        0.0,
        1.6171875,
        0.8281097423750907
    ],
    "42": [
        8.804546456725802,
        4.970703125,
        0.0,
        1.6171875,
        0.8281097423750907
    ],
    "43": [
        8.902273228362901,
        4.9853515625,
        0.0,
        1.6171875,
        0.8281097423750907
    ],
    "44": [
        9.95113661418145,
        4.99267578125,
        0.0,
        1.6171875,
        0.8281097423750907
    ],
    "45": [
        10.475568307090725,
        4.496337890625,
        0.0,
        1.6171875,
        0.8281097423750907
    ],
    "46": [
        10.737784153545363,
        3.7481689453125,
        0.0,
        1.6171875,
        0.8281097423750907
    ],
    "47": [
        10.737784153545363,
        3.7481689453125,
        0.5,
        1.6171875,
        1.9140548711875454
    ]
}