{
    "0": [
        0.0,
        0.0,
        0.0,
        0.1,
        0.1
    ],
    "1": [
        0.0,
        0.0,
        0.0,
        0.19,
        0.29000000000000004
    ],
    "2": [
        0.0,
        0.0,
        0.0,
        0.271,
        0.4610000000000001
    ],
    "3": [
        0.0,
        0.0,
        0.0,
        0.34390000000000004,
        0.5149
    ],
    "4": [
        0.6000000000000001,
        0.0,
        0.0,
        0.34390000000000004,
        0.56341
    ],
    "5": [
        1.2400000000000002,
        0.0,
        0.0,
        0.34390000000000004,
        0.607069
    ],
    "6": [
        1.8160000000000003,
        0.0,
        0.0,
        0.34390000000000004,
        0.6463620999999999
    ],
    "7": [
        2.3344000000000005,
        0.0,
        0.0,
        0.34390000000000004,
        0.68172589
    ],
    "8": [
        2.8009600000000003,
        0.0,
        0.0,
        0.34390000000000004,
        0.7135533009999999
    ],
    "9": [
        3.2208640000000006,
        0.0,
        0.0,
        0.34390000000000004,
        0.7421979709
    ],
    "10": [
        3.5987776000000005,
        0.0,
        0.0,
        0.34390000000000004,
        0.76797817381
    ],
    "11": [
        3.9388998400000004,
        0.0,
        0.0,
        0.34390000000000004,
        0.791180356429
    ],
    "12": [
        4.245009856,
        0.0,
        0.0,
        0.34390000000000004,
        0.8120623207861
    ],
    "13": [
        4.6205088704,
        0.0,
        0.0,
        0.34390000000000004,
        0.83085608870749
    ],
    "14": [
        4.95845798336,
        0.0,
        0.0,
        0.34390000000000004,
        0.8477704798367409
    ],
    "15": [
        5.362612185024,
        0.0,
        0.0,
        0.34390000000000004,
        0.8629934318530669
    ],
    "16": [
        5.7263509665216,
        0.0,
        0.0,
        0.34390000000000004,
        0.9766940886677602
    ],
    "17": [
        6.05371586986944,
        0.0,
        0.0,
        0.34390000000000004,
        1.0790246798009842
    ],
    "18": [
        6.448344282882496,
        0.0,
        0.0,
        0.34390000000000004,
        1.1711222118208857
    ],
    "19": [
        6.703509854594246,
        0.0,
        0.0,
        0.34390000000000004,
        1.2540099906387971
    ],
    "20": [
        6.933158869134822,
        0.0,
        0.0,
        0.34390000000000004,
        1.3286089915749175
    ],
    "21": [
        7.13984298222134,
        0.0,
        0.0,
        0.34390000000000004,
        1.3957480924174257
    ],
    "22": [
        7.325858683999206,
        0.0,
        0.0,
        0.34390000000000004,
        1.456173283175683
    ],
    "23": [
        7.3932728155992855,
        0.0,
        0.0,
        0.34390000000000004,
        1.5105559548581147
    ],
    "24": [
        7.553945534039357,
        0.0,
        0.0,
        0.34390000000000004,
        1.5595003593723031
    ],
    "25": [
        7.598550980635421,
        0.0,
        0.0,
        0.34390000000000004,
        1.6035503234350728
    ],
    "26": [
        7.538695882571879,
        0.0,
        0.0,
        0.34390000000000004,
        1.5431952910915654
    ],
    "27": [
        7.384826294314691,
        0.0,
        0.0,
        0.34390000000000004,
        1.488875761982409
    ],
    "28": [
        7.246343664883222,
        0.0,
        0.0,
        0.34390000000000004,
        1.339988185784168
    ],
    "29": [
        7.2217092983949,
        0.0,
        0.0,
        0.34390000000000004,
        1.3059893672057512
    ],
    "30": [
        7.19953836855541,
        0.0,
        0.0,
        0.34390000000000004,
        1.175390430485176
    ],
    "31": [
        7.179584531699868,
        0.0,
        0.0,
        0.34390000000000004,
        1.1578513874366585
    ],
    "32": [
        7.161626078529881,
        0.0,
        0.0,
        0.34390000000000004,
        1.1420662486929927
    ],
    "33": [
        7.161626078529881,
        0.4,
        0.0,
        0.50951,
        1.1420662486929927
    ],
    "34": [
        7.3454634706768935,
        0.4,
        0.0,
        0.50951,
        1.1278596238236933
    ],
    "35": [
        7.510917123609204,
        0.4,
        0.0,
        0.50951,
        1.115073661441324
    ],
    "36": [
        7.659825411248283,
        0.4,
        0.0,
        0.50951,
        1.1035662952971914
    ],
    "37": [
        7.793842870123455,
        0.4,
        0.0,
        0.50951,
        1.0932096657674724
    ],
    "38": [
        7.793842870123455,
        0.86,
        0.0,
        0.658559,
        1.0932096657674724
    ],
    "39": [
        7.81445858311111,
        0.86,
        0.0,
        0.658559,
        1.1838886991907251
    ],
    "40": [
        7.833012724799999,
        0.86,
        0.0,
        0.658559,
        1.2654998292716526
    ],
    "41": [
        7.949711452319999,
        0.86,
        0.0,
        0.658559,
        1.3389498463444873
    ],
    "42": [
        8.054740307087998,
        0.86,
        0.0,
        0.658559,
        1.4050548617100387
    ],
    "43": [
        8.149266276379198,
        0.86,
        0.0,
        0.658559,
        1.564549375539035
    ],
    "44": [
        8.434339648741277,
        0.86,
        0.0,
        0.658559,
        1.7080944379851315
    ],
    "45": [
        8.69090568386715,
        0.86,
        0.0,
        0.658559,
        1.8372849941866183
    ],
    "46": [
        8.921815115480435,
        0.86,
        0.0,
        0.658559,
        1.9535564947679565
    ],
    "47": [
        8.921815115480435,
        0.86,
        0.1,
        0.658559,
        2.058200845291161
    ]
}