{
    "0": [
        0.0,
        0.0,
        0.0,
        0.5,
        0.5
    ],
    "1": [
        0.0,
        0.0,
        0.0,
        0.75,
        1.25
    ],
    "2": [
        0.0,
        2.5,
        1.5,
        0.75,
        1.25
    ],
    "3": [
        0.0,
        2.5,
        2.25,
        0.875,
        1.25
    ],
    "4": [
        0.0,
        3.75,
        2.625,
        0.875,
        1.25
    ],
    "5": [
        0.0,
        4.375,
        2.8125,
        0.875,
        1.25
    ],
    "6": [
        3.5,
        4.375,
        2.8125,
        0.875,
        1.125
    ],
    "7": [
        5.25,
        4.6875,
        2.8125,
        0.875,
        1.125
    ],
    "8": [
        6.125,
        4.84375,
        2.8125,
        0.875,
        1.125
    ],
    "9": [
        6.5625,
        4.921875,
        2.8125,
        0.875,
        1.125
    ],
    "10": [
        6.78125,
        4.4609375,
        2.8125,
        0.875,
        1.125
    ],
    "11": [
        6.78125,
        4.4609375,
        1.90625,
        0.875,
        1.0625
    ],
    "12": [
        6.78125,
        4.4609375,
        1.90625,
        0.4375,
        1.03125
    ],
    "13": [
        7.390625,
        3.73046875,
        1.90625,
        0.4375,
        1.03125
    ],
    "14": [
        7.6953125,
        3.73046875,
        1.90625,
        0.4375,
        1.015625
    ],
    "15": [
        8.34765625,
        3.365234375,
        1.90625,
        0.4375,
        1.015625
    ],
    "16": [
        8.673828125,
        3.1826171875,
        1.90625,
        0.4375,
        1.015625
    ],
    "17": [
        8.8369140625,
        2.59130859375,
        1.90625,
        0.4375,
        1.015625
    ],
    "18": [
        9.41845703125,
        2.795654296875,
        1.90625,
        0.4375,
        1.015625
    ],
    "19": [
        9.41845703125,
        2.8978271484375,
        1.90625,
        0.21875,
        1.015625
    ],
    "20": [
        9.209228515625,
        2.8978271484375,
        1.90625,
        0.21875,
        1.5078125
    ],
    "21": [
        9.1046142578125,
        2.94891357421875,
        1.90625,
        0.21875,
        1.5078125
    ],
    "22": [
        9.1046142578125,
        2.974456787109375,
        1.90625,
        0.109375,
        1.5078125
    ],
    "23": [
        8.55230712890625,
        2.9872283935546875,
        1.90625,
        0.109375,
        1.5078125
    ],
    "24": [
        8.776153564453125,
        2.9936141967773438,
        1.90625,
        0.109375,
        1.5078125
    ],
    "25": [
        8.388076782226562,
        3.496807098388672,
        1.90625,
        0.109375,
        1.5078125
    ],
    "26": [
        7.694038391113281,
        3.748403549194336,
        1.90625,
        0.109375,
        1.5078125
    ],
    "27": [
        7.694038391113281,
        3.874201774597168,
        1.90625,
        0.0546875,
        1.5078125
    ],
    "28": [
        6.847019195556641,
        3.937100887298584,
        1.90625,
        0.0546875,
        1.5078125
    ],
    "29": [
        6.92350959777832,
        3.468550443649292,
        1.90625,
        0.0546875,
        1.5078125
    ],
    "30": [
        6.96175479888916,
        3.734275221824646,
        1.90625,
        0.0546875,
        1.5078125
    ],
    "31": [
        6.98087739944458,
        3.867137610912323,
        1.90625,
        0.0546875,
        1.5078125
    ],
    "32": [
        6.99043869972229,
        3.4335688054561615,
        1.90625,
        0.0546875,
        1.5078125
    ],
    "33": [
        6.995219349861145,
        3.7167844027280807,
        1.90625,
        0.0546875,
        1.5078125
    ],
    "34": [
        7.9976096749305725,
        4.35839220136404,
        1.90625,
        0.0546875,
        1.5078125
    ],
    "35": [
        8.498804837465286,
        4.35839220136404,
        1.90625,
        0.52734375,
        1.5078125
    ],
    "36": [
        8.749402418732643,
        4.17919610068202,
        1.90625,
        0.52734375,
        1.5078125
    ],
    "37": [
        8.874701209366322,
        4.08959805034101,
        1.90625,
        0.52734375,
        1.5078125
    ],
    "38": [
        8.874701209366322,
        4.08959805034101,
        2.453125,
        1.263671875,
        1.5078125
    ],
    "39": [
        8.43735060468316,
        4.544799025170505,
        2.453125,
        1.263671875,
        1.5078125
    ],
    "40": [
        8.21867530234158,
        4.7723995125852525,
        2.453125,
        1.263671875,
        1.5078125
    ],
    "41": [
        8.60933765117079,
        4.886199756292626,
        2.453125,
        1.263671875,
        1.5078125
    ],
    "42": [
        8.804668825585395,
        4.943099878146313,
        2.453125,
        1.263671875,
        1.5078125
    ],
    "43": [
        8.902334412792698,
        4.971549939073157,
        2.453125,
        1.263671875,
        1.5078125
    ],
    "44": [
        9.951167206396349,
        4.985774969536578,
        2.453125,
        1.263671875,
        1.5078125
    ],
    "45": [
        10.475583603198174,
        4.492887484768289,
        2.453125,
        1.263671875,
        1.5078125
    ],
    "46": [
        10.737791801599087,
        3.7464437423841446,
        2.453125,
        1.263671875,
        1.5078125
    ],
    "47": [
        11.368895900799544,
        3.7464437423841446,
        1.7265625,
        1.263671875,
        1.5078125
    ]
}