{
    "0": [
        0.0,
        0.0,
        0.0,
        0.3,
        0.3
    ],
    "1": [
        0.0,
        0.0,
        0.0,
        0.51,
        0.81
    ],
    "2": [
        0.0,
        0.0,
        0.0,
        0.657,
        1.167
    ],
    "3": [
        0.0,
        0.0,
        0.0,
        0.7599,
        1.1169
    ],
    "4": [
        1.7999999999999998,
        0.0,
        0.0,
        0.7599,
        1.08183
    ],
    "5": [
        3.36,
        0.0,
        0.0,
        0.7599,
        1.0572810000000001
    ],
    "6": [
        4.452,
        0.0,
        0.0,
        0.7599,
        1.0400967
    ],
    "7": [
        5.2164,
        0.0,
        0.0,
        0.7599,
        1.02806769
    ],
    "8": [
        5.75148,
        0.0,
        0.0,
        0.7599,
        1.0196473830000001
    ],
    "9": [
        6.126036,
        0.0,
        0.0,
        0.7599,
        1.0137531681
    ],
    "10": [
        6.3882252,
        0.0,
        0.0,
        0.7599,
        1.00962721767
    ],
    "11": [
        6.5717576399999995,
        0.0,
        0.0,
        0.7599,
        1.006739052369
    ],
    "12": [
        6.700230348,
        0.0,
        0.0,
        0.7599,
        1.0047173366583
    ],
    "13": [
        7.0901612436,
        0.0,
        0.0,
        0.7599,
        1.00330213566081
    ],
    "14": [
        7.36311287052,
        0.0,
        0.0,
        0.7599,
        1.002311494962567
    ],
    "15": [
        7.8541790093640005,
        0.0,
        0.0,
        0.7599,
        1.001618046473797
    ],
    "16": [
        8.1979253065548,
        0.0,
        0.0,
        0.7599,
        1.301132632531658
    ],
    "17": [
        8.43854771458836,
        0.0,
        0.0,
        0.7599,
        1.5107928427721604
    ],
    "18": [
        8.906983400211852,
        0.0,
        0.0,
        0.7599,
        1.6575549899405122
    ],
    "19": [
        8.934888380148296,
        0.0,
        0.0,
        0.7599,
        1.7602884929583587
    ],
    "20": [
        8.954421866103807,
        0.0,
        0.0,
        0.7599,
        1.832201945070851
    ],
    "21": [
        8.968095306272666,
        0.0,
        0.0,
        0.7599,
        1.8825413615495958
    ],
    "22": [
        8.977666714390866,
        0.0,
        0.0,
        0.7599,
        1.9177789530847171
    ],
    "23": [
        8.684366700073607,
        0.0,
        0.0,
        0.7599,
        1.942445267159302
    ],
    "24": [
        8.779056690051524,
        0.0,
        0.0,
        0.7599,
        1.9597116870115114
    ],
    "25": [
        8.545339683036067,
        0.0,
        0.0,
        0.7599,
        1.971798180908058
    ],
    "26": [
        8.081737778125246,
        0.0,
        0.0,
        0.7599,
        1.6802587266356406
    ],
    "27": [
        7.457216444687672,
        0.0,
        0.0,
        0.7599,
        1.4761811086449483
    ],
    "28": [
        7.020051511281371,
        0.0,
        0.0,
        0.7599,
        1.0333267760514637
    ],
    "29": [
        7.014036057896959,
        0.0,
        0.0,
        0.7599,
        1.0233287432360245
    ],
    "30": [
        7.009825240527872,
        0.0,
        0.0,
        0.7599,
        0.7163301202652173
    ],
    "31": [
        7.00687766836951,
        0.0,
        0.0,
        0.7599,
        0.8014310841856521
    ],
    "32": [
        7.004814367858657,
        0.0,
        0.0,
        0.7599,
        0.8610017589299565
    ],
    "33": [
        7.004814367858657,
        1.2,
        0.0,
        1.13193,
        0.8610017589299565
    ],
    "34": [
        7.60337005750106,
        2.34,
        0.0,
        1.13193,
        0.8610017589299565
    ],
    "35": [
        8.022359040250741,
        3.138,
        0.0,
        1.13193,
        0.8610017589299565
    ],
    "36": [
        8.31565132817552,
        3.3966,
        0.0,
        1.13193,
        0.8610017589299565
    ],
    "37": [
        8.520955929722863,
        3.57762,
        0.0,
        1.13193,
        0.8610017589299565
    ],
    "38": [
        8.520955929722863,
        4.004334,
        0.0,
        1.3923510000000001,
        0.8610017589299565
    ],
    "39": [
        8.364669150806003,
        4.3030338,
        0.0,
        1.3923510000000001,
        0.8610017589299565
    ],
    "40": [
        8.255268405564202,
        4.512123659999999,
        0.0,
        1.3923510000000001,
        0.8610017589299565
    ],
    "41": [
        8.478687883894942,
        4.658486561999999,
        0.0,
        1.3923510000000001,
        0.8610017589299565
    ],
    "42": [
        8.635081518726459,
        4.760940593399999,
        0.0,
        1.3923510000000001,
        0.8610017589299565
    ],
    "43": [
        8.744557063108521,
        4.832658415379999,
        0.0,
        1.3923510000000001,
        0.8610017589299565
    ],
    "44": [
        9.421189944175964,
        4.882860890766,
        0.0,
        1.3923510000000001,
        0.8610017589299565
    ],
    "45": [
        9.894832960923175,
        4.618002623536199,
        0.0,
        1.3923510000000001,
        0.8610017589299565
    ],
    "46": [
        10.226383072646222,
        4.13260183647534,
        0.0,
        1.3923510000000001,
        0.8610017589299565
    ],
    "47": [
        10.226383072646222,
        4.13260183647534,
        0.3,
        1.3923510000000001,
        1.5027012312509695
    ]
}