{
    "0": [
        0.0,
        0.0,
        0.0,
        5.0,
        5.0,
        0.0,
        0.0,
        0.0,
        0.0,
        0.0,
        5.0,
        0.0,
        0.0,
        0.0,
        0.0,
        5.0,
        0.0,
        0.0,
        33.0,
        0.0,
        0.0,
        0.0,
        0.0,
        0.0,
        59.0,
        49.199999999999996,
        3.3,
        0.0,
        0.0,
        0.0
    ],
    "1": [
        0.0,
        0.0,
        0.0,
        5.0,
        5.0,
        0.0,
        0.0,
        0.0,
        0.0,
        0.0,
        5.0,
        0.0,
        0.0,
        0.0,
        0.0,
        5.0,
        0.0,
        0.0,
        57.599999999999994,
        0.0,
        0.0,
        0.0,
        0.0,
        29.4,
        97.4,
        81.53999999999999,
        3.3,
        0.0,
        0.0,
        0.0
    ],
    "2": [
        0.0,
        0.0,
        0.0,
        5.0,
        5.0,
        0.0,
        0.0,
        0.0,
        0.0,
        0.0,
        5.0,
        0.0,
        0.0,
        0.0,
        0.0,
        5.0,
        0.0,
        0.0,
        73.61999999999999,
        0.0,
        0.0,
        0.0,
        0.0,
        46.98,
        121.28,
        102.978,
        3.3,
        0.0,
        0.0,
        0.0
    ],
    "3": [
        0.0,
        0.0,
        0.0,
        5.0,
        5.0,
        0.0,
        0.0,
        0.0,
        0.0,
        0.0,
        5.0,
        0.0,
        0.0,
        0.0,
        0.0,
        5.0,
        0.0,
        0.0,
        86.934,
        0.0,
        0.0,
        0.0,
        0.0,
        58.686,
        136.796,
        117.68459999999999,
        3.3,
        0.0,
        0.0,
        0.0
    ],
    "4": [
        0.0,
        0.0,
        0.0,
        5.0,
        5.0,
        0.0,
        0.0,
        0.0,
        0.0,
        0.0,
        5.0,
        0.0,
        0.0,
        0.0,
        0.0,
        5.0,
        0.0,
        0.0,
        93.5538,
        0.0,
        0.0,
        0.0,
        0.0,
        68.6802,
        148.8572,
        127.97922,
        3.3,
        0.0,
        0.0,
        0.0
    ],
    "5": [
        16.5,
        0.0,
        0.0,
        5.0,
        5.0,
        0.0,
        0.0,
        0.0,
        0.0,
        0.0,
        5.0,
        0.0,
        0.0,
        0.0,
        0.0,
        5.0,
        0.0,
        0.0,
        97.58766,
        0.0,
        0.0,
        0.0,
        0.0,
        75.07614,
        157.90004,
        135.485454,
        3.3,
        0.0,
        0.0,
        0.0
    ],
    "6": [
        16.5,
        0.0,
        0.0,
        5.0,
        5.0,
        0.0,
        0.0,
        0.0,
        0.0,
        0.0,
        5.0,
        0.0,
        0.0,
        0.0,
        0.0,
        5.0,
        0.0,
        0.0,
        97.711362,
        0.0,
        0.0,
        0.0,
        0.0,
        78.95329799999999,
        160.030028,
        142.8398178,
        3.3,
        0.0,
        0.0,
        0.0
    ],
    "7": [
        16.5,
        0.0,
        0.0,
        5.0,
        5.0,
        0.0,
        0.0,
        0.0,
        0.0,
        0.0,
        5.0,
        0.0,
        0.0,
        0.0,
        0.0,
        5.0,
        0.0,
        0.0,
        97.19795339999999,
        0.0,
        0.0,
        0.0,
        0.0,
        84.06730859999999,
        158.5210196,
        147.38787245999998,
        3.3,
        0.0,
        0.0,
        0.0
    ],
    "8": [
        16.5,
        0.0,
        0.0,
        5.0,
        5.0,
        0.0,
        28.799999999999997,
        0.0,
        0.0,
        0.0,
        5.0,
        0.0,
        0.0,
        0.0,
        0.0,
        5.0,
        0.0,
        0.0,
        95.93856738,
        0.0,
        0.0,
        0.0,
        0.0,
        87.04711601999999,
        156.56471372,
        152.97151072199998,
        3.3,
        0.0,
        0.0,
        0.0
    ],
    "9": [
        26.85,
        0.0,
        0.0,
        5.0,
        5.0,
        0.0,
        28.799999999999997,
        0.0,
        0.0,
        0.0,
        5.0,
        0.0,
        0.0,
        0.0,
        0.0,
        5.0,
        0.0,
        0.0,
        93.856997166,
        0.0,
        0.0,
        0.0,
        0.0,
        88.23298121399999,
        156.395299604,
        152.9800575054,
        3.3,
        0.0,
        0.0,
        0.0
    ],
    "10": [
        26.85,
        0.0,
        0.0,
        5.0,
        5.0,
        0.0,
        28.799999999999997,
        0.0,
        0.0,
        0.0,
        5.0,
        0.0,
        0.0,
        0.0,
        0.0,
        5.0,
        0.0,
        0.0,
        93.8998980162,
        14.399999999999999,
        0.0,
        0.0,
        0.0,
        88.1630868498,
        157.7767097228,
        155.98604025378,
        3.3,
        0.0,
        0.0,
        0.0
    ],
    "11": [
        26.85,
        0.0,
        0.0,
        5.0,
        5.0,
        0.0,
        28.799999999999997,
        0.0,
        0.0,
        0.0,
        5.0,
        0.0,
        0.0,
        0.0,
        0.0,
        5.0,
        0.0,
        0.0,
        95.12992861134,
        14.399999999999999,
        0.0,
        0.0,
        0.0,
        84.81416079486,
        158.44369680596,
        158.390228177646,
        6.209999999999999,
        0.0,
        0.0,
        0.0
    ],
    "12": [
        35.895,
        0.0,
        0.0,
        5.0,
        5.0,
        0.0,
        28.799999999999997,
        0.0,
        0.0,
        0.0,
        5.0,
        0.0,
        0.0,
        0.0,
        0.0,
        5.0,
        0.0,
        0.0,
        96.590950027938,
        14.399999999999999,
        0.0,
        0.0,
        0.0,
        80.069912556402,
        157.110587764172,
        159.7731597243522,
        6.209999999999999,
        0.0,
        0.0,
        0.0
    ],
    "13": [
        41.6265,
        0.0,
        0.0,
        5.0,
        5.0,
        0.0,
        28.799999999999997,
        0.0,
        0.0,
        0.0,
        5.0,
        0.0,
        0.0,
        0.0,
        0.0,
        5.0,
        0.0,
        0.0,
        98.81366501955661,
        14.399999999999999,
        0.0,
        0.0,
        0.0,
        76.7489387894814,
        152.5774114349204,
        160.14121180704655,
        6.209999999999999,
        0.0,
        0.0,
        0.0
    ]
}