{
    "0": [
        0.0,
        0.0,
        0.0,
        0.3,
        0.3
    ],
    "1": [
        0.0,
        0.0,
        0.0,
        0.51,
        0.81
    ],
    "2": [
        0.0,
        1.5,
        0.8999999999999999,
        0.51,
        0.81
    ],
    "3": [
        0.0,
        1.5,
        1.5299999999999998,
        0.657,
        0.81
    ],
    "4": [
        0.0,
        2.55,
        1.9709999999999999,
        0.657,
        0.81
    ],
    "5": [
        0.0,
        3.2849999999999997,
        2.2797,
        0.657,
        0.81
    ],
    "6": [
        2.1,
        3.2849999999999997,
        2.2797,
        0.657,
        0.867
    ],
    "7": [
        2.1,
        3.7994999999999997,
        2.19579,
        0.657,
        0.867
    ],
    "8": [
        2.1,
        4.15965,
        2.137053,
        0.657,
        0.867
    ],
    "9": [
        2.1,
        4.411755,
        2.3959371,
        0.657,
        0.867
    ],
    "10": [
        2.1,
        4.288228500000001,
        2.27715597,
        0.657,
        0.867
    ],
    "11": [
        2.1,
        4.288228500000001,
        1.894009179,
        0.657,
        0.9069
    ],
    "12": [
        2.1,
        4.288228500000001,
        1.894009179,
        0.45990000000000003,
        0.93483
    ],
    "13": [
        3.87,
        3.9017599500000006,
        1.894009179,
        0.45990000000000003,
        0.93483
    ],
    "14": [
        5.109,
        3.9017599500000006,
        1.894009179,
        0.45990000000000003,
        0.954381
    ],
    "15": [
        6.2763,
        3.6312319650000005,
        1.894009179,
        0.45990000000000003,
        0.954381
    ],
    "16": [
        7.09341,
        3.4418623755000004,
        1.894009179,
        0.45990000000000003,
        0.954381
    ],
    "17": [
        7.665387,
        3.0093036628500003,
        1.894009179,
        0.45990000000000003,
        0.954381
    ],
    "18": [
        8.3657709,
        3.0065125639950003,
        1.894009179,
        0.45990000000000003,
        0.954381
    ],
    "19": [
        8.3657709,
        3.0045587947965,
        1.894009179,
        0.32193000000000005,
        0.954381
    ],
    "20": [
        8.556039629999999,
        3.0045587947965,
        1.894009179,
        0.32193000000000005,
        1.2680666999999999
    ],
    "21": [
        8.689227741,
        3.00319115635755,
        1.894009179,
        0.32193000000000005,
        1.2680666999999999
    ],
    "22": [
        8.689227741,
        3.002233809450285,
        1.894009179,
        0.22535100000000002,
        1.2680666999999999
    ],
    "23": [
        8.4824594187,
        3.0015636666151995,
        1.894009179,
        0.22535100000000002,
        1.2680666999999999
    ],
    "24": [
        8.63772159309,
        3.0010945666306394,
        1.894009179,
        0.22535100000000002,
        1.2680666999999999
    ],
    "25": [
        8.446405115163,
        3.3007661966414474,
        1.894009179,
        0.22535100000000002,
        1.2680666999999999
    ],
    "26": [
        8.0124835806141,
        3.5105363376490133,
        1.894009179,
        0.22535100000000002,
        1.2680666999999999
    ],
    "27": [
        8.0124835806141,
        3.657375436354309,
        1.894009179,
        0.15774570000000002,
        1.2680666999999999
    ],
    "28": [
        7.40873850642987,
        3.7601628054480165,
        1.894009179,
        0.15774570000000002,
        1.2680666999999999
    ],
    "29": [
        7.286116954500909,
        3.5321139638136114,
        1.894009179,
        0.15774570000000002,
        1.2680666999999999
    ],
    "30": [
        7.200281868150636,
        3.672479774669528,
        1.894009179,
        0.15774570000000002,
        1.2680666999999999
    ],
    "31": [
        7.140197307705446,
        3.7707358422686696,
        1.894009179,
        0.15774570000000002,
        1.2680666999999999
    ],
    "32": [
        7.098138115393812,
        3.5395150895880687,
        1.894009179,
        0.15774570000000002,
        1.2680666999999999
    ],
    "33": [
        7.068696680775669,
        3.6776605627116483,
        1.894009179,
        0.15774570000000002,
        1.2680666999999999
    ],
    "34": [
        7.648087676542968,
        4.074362393898154,
        1.894009179,
        0.15774570000000002,
        1.2680666999999999
    ],
    "35": [
        8.053661373580077,
        4.074362393898154,
        1.894009179,
        0.41042199,
        1.2680666999999999
    ],
    "36": [
        8.337562961506054,
        4.052053675728708,
        1.894009179,
        0.41042199,
        1.2680666999999999
    ],
    "37": [
        8.536294073054238,
        4.036437573010096,
        1.894009179,
        0.41042199,
        1.2680666999999999
    ],
    "38": [
        8.536294073054238,
        4.036437573010096,
        2.2258064253,
        0.8872953929999999,
        1.2680666999999999
    ],
    "39": [
        8.375405851137966,
        4.325506301107067,
        2.2258064253,
        0.8872953929999999,
        1.2680666999999999
    ],
    "40": [
        8.262784095796576,
        4.527854410774947,
        2.2258064253,
        0.8872953929999999,
        1.2680666999999999
    ],
    "41": [
        8.483948867057602,
        4.669498087542463,
        2.2258064253,
        0.8872953929999999,
        1.2680666999999999
    ],
    "42": [
        8.638764206940321,
        4.768648661279724,
        2.2258064253,
        0.8872953929999999,
        1.2680666999999999
    ],
    "43": [
        8.747134944858225,
        4.838054062895807,
        2.2258064253,
        0.8872953929999999,
        1.2680666999999999
    ],
    "44": [
        9.422994461400757,
        4.8866378440270655,
        2.2258064253,
        0.8872953929999999,
        1.2680666999999999
    ],
    "45": [
        9.89609612298053,
        4.620646490818946,
        2.2258064253,
        0.8872953929999999,
        1.2680666999999999
    ],
    "46": [
        10.227267286086372,
        4.134452543573262,
        2.2258064253,
        0.8872953929999999,
        1.2680666999999999
    ],
    "47": [
        10.75908710026046,
        4.134452543573262,
        1.85806449771,
        0.8872953929999999,
        1.2680666999999999
    ]
}