{
    "0": [
        21.3,
        0.0,
        0.0,
        5.0,
        5.0,
        0.0,
        0.0,
        0.0,
        0.0,
        0.0,
        5.0,
        30.299999999999997,
        0.0,
        0.0,
        0.0,
        5.0,
        0.0,
        0.0,
        0.0,
        0.0,
        0.0,
        0.0,
        0.0,
        0.0,
        5.0,
        0.0,
        0.0,
        0.0,
        0.0,
        0.0
    ],
    "1": [
        36.510000000000005,
        0.0,
        0.0,
        5.0,
        5.0,
        0.0,
        0.0,
        0.0,
        0.0,
        0.0,
        5.0,
        51.51,
        0.0,
        0.0,
        0.0,
        5.0,
        12.9,
        0.0,
        0.0,
        0.0,
        0.0,
        0.0,
        0.0,
        0.0,
        24.2,
        0.0,
        1.7999999999999998,
        0.0,
        0.0,
        0.0
    ],
    "2": [
        36.510000000000005,
        0.0,
        0.0,
        5.0,
        33.8,
        0.0,
        0.0,
        0.0,
        0.0,
        0.0,
        5.0,
        65.757,
        0.0,
        0.0,
        0.0,
        44.9,
        12.9,
        0.0,
        0.0,
        0.0,
        0.0,
        0.0,
        0.0,
        0.0,
        24.2,
        0.0,
        1.7999999999999998,
        0.0,
        20.7,
        0.0
    ],
    "3": [
        36.510000000000005,
        0.0,
        0.0,
        5.0,
        54.26,
        0.0,
        0.0,
        0.0,
        0.0,
        0.0,
        5.0,
        79.0299,
        0.0,
        0.0,
        0.0,
        74.03,
        12.9,
        0.0,
        0.0,
        0.0,
        0.0,
        0.0,
        0.0,
        0.0,
        35.839999999999996,
        0.0,
        1.7999999999999998,
        0.0,
        37.589999999999996,
        0.0
    ],
    "4": [
        48.357,
        0.0,
        0.0,
        5.0,
        71.582,
        0.0,
        0.0,
        0.0,
        0.0,
        0.0,
        5.0,
        90.12093,
        0.0,
        0.0,
        0.0,
        94.121,
        12.9,
        0.0,
        0.0,
        0.0,
        0.0,
        0.0,
        0.0,
        0.0,
        35.839999999999996,
        0.0,
        1.7999999999999998,
        0.0,
        50.013,
        0.0
    ],
    "5": [
        57.8499,
        0.0,
        0.0,
        5.0,
        84.00739999999999,
        0.0,
        0.0,
        0.0,
        0.0,
        0.0,
        5.0,
        100.884651,
        0.0,
        0.0,
        0.0,
        108.7847,
        12.9,
        0.0,
        0.0,
        0.0,
        0.0,
        0.0,
        0.0,
        0.0,
        35.839999999999996,
        0.0,
        1.7999999999999998,
        0.0,
        59.3091,
        0.0
    ],
    "6": [
        63.89493,
        0.0,
        0.0,
        5.0,
        93.90517999999999,
        0.0,
        0.0,
        0.0,
        0.0,
        0.0,
        5.0,
        111.1192557,
        0.0,
        0.0,
        0.0,
        117.84929,
        12.9,
        0.0,
        0.0,
        0.0,
        0.0,
        0.0,
        0.0,
        0.0,
        35.839999999999996,
        0.0,
        1.7999999999999998,
        0.0,
        63.71637,
        0.0
    ],
    "7": [
        68.126451,
        0.0,
        0.0,
        5.0,
        102.93362599999999,
        0.0,
        0.0,
        0.0,
        0.0,
        0.0,
        5.0,
        119.18347899,
        0.0,
        0.0,
        0.0,
        123.594503,
        12.9,
        0.0,
        0.0,
        0.0,
        0.0,
        0.0,
        0.0,
        0.0,
        35.839999999999996,
        0.0,
        1.7999999999999998,
        0.0,
        67.101459,
        0.0
    ],
    "8": [
        69.8885157,
        0.0,
        0.0,
        5.0,
        108.35353819999999,
        0.0,
        0.0,
        0.0,
        0.0,
        0.0,
        5.0,
        125.728435293,
        0.0,
        0.0,
        0.0,
        130.9161521,
        12.9,
        0.0,
        0.0,
        0.0,
        0.0,
        0.0,
        0.0,
        0.0,
        35.839999999999996,
        0.0,
        1.7999999999999998,
        0.0,
        71.2710213,
        0.0
    ],
    "9": [
        71.72196099,
        0.0,
        0.0,
        5.0,
        115.14747673999999,
        0.0,
        0.0,
        0.0,
        0.0,
        0.0,
        5.0,
        129.4099047051,
        0.0,
        0.0,
        0.0,
        133.34130647,
        12.9,
        0.0,
        0.0,
        0.0,
        0.0,
        0.0,
        0.0,
        0.0,
        35.839999999999996,
        0.0,
        1.7999999999999998,
        0.0,
        73.28971491,
        0.0
    ],
    "10": [
        73.60537269299999,
        0.0,
        0.0,
        5.0,
        120.20323371799999,
        0.0,
        0.0,
        0.0,
        0.0,
        0.0,
        5.0,
        129.58693329356998,
        0.0,
        0.0,
        0.0,
        136.838914529,
        12.9,
        0.0,
        0.0,
        0.0,
        0.0,
        0.0,
        0.0,
        0.0,
        35.839999999999996,
        0.0,
        1.7999999999999998,
        0.0,
        76.20280043700001,
        0.0
    ],
    "11": [
        76.4237608851,
        0.0,
        0.0,
        5.0,
        124.0422636026,
        0.0,
        0.0,
        0.0,
        0.0,
        0.0,
        5.0,
        130.910853305499,
        0.0,
        0.0,
        0.0,
        140.1872401703,
        12.9,
        0.0,
        0.0,
        0.0,
        0.0,
        0.0,
        0.0,
        0.0,
        35.839999999999996,
        0.0,
        1.7999999999999998,
        0.0,
        76.1419603059,
        0.0
    ],
    "12": [
        80.19663261957,
        0.0,
        0.0,
        5.0,
        128.52958452182,
        0.0,
        0.0,
        0.0,
        0.0,
        0.0,
        5.0,
        132.13759731384928,
        0.0,
        0.0,
        0.0,
        143.13106811921,
        12.9,
        0.0,
        0.0,
        0.0,
        0.0,
        0.0,
        0.0,
        0.0,
        35.839999999999996,
        0.0,
        1.7999999999999998,
        0.0,
        74.89937221413,
        0.0
    ],
    "13": [
        82.237642833699,
        0.0,
        0.0,
        5.0,
        132.570709165274,
        0.0,
        0.0,
        0.0,
        0.0,
        0.0,
        5.0,
        131.4963181196945,
        0.0,
        0.0,
        0.0,
        148.191747683447,
        12.9,
        0.0,
        0.0,
        0.0,
        0.0,
        0.0,
        0.0,
        0.0,
        35.839999999999996,
        0.0,
        1.7999999999999998,
        0.0,
        73.729560549891,
        0.0
    ]
}