{
    "0": [
        0.0,
        0.0,
        0.0,
        0.1,
        0.1
    ],
    "1": [
        0.0,
        0.0,
        0.0,
        0.19,
        0.29000000000000004
    ],
    "2": [
        0.0,
        0.5,
        0.30000000000000004,
        0.19,
        0.29000000000000004
    ],
    "3": [
        0.0,
        0.5,
        0.5700000000000001,
        0.271,
        0.29000000000000004
    ],
    "4": [
        0.0,
        0.95,
        0.8130000000000001,
        0.271,
        0.29000000000000004
    ],
    "5": [
        0.0,
        1.355,
        1.0317,
        0.271,
        0.29000000000000004
    ],
    "6": [
        0.7000000000000001,
        1.355,
        1.0317,
        0.271,
        0.36100000000000004
    ],
    "7": [
        0.7000000000000001,
        1.7195,
        1.12853,
        0.271,
        0.36100000000000004
    ],
    "8": [
        0.7000000000000001,
        2.04755,
        1.2156770000000001,
        0.271,
        0.36100000000000004
    ],
    "9": [
        0.7000000000000001,
        2.342795,
        1.3941093000000002,
        0.271,
        0.36100000000000004
    ],
    "10": [
        0.7000000000000001,
        2.5085155,
        1.4546983700000002,
        0.271,
        0.36100000000000004
    ],
    "11": [
        0.7000000000000001,
        2.5085155,
        1.4092285330000003,
        0.271,
        0.42490000000000006
    ],
    "12": [
        0.7000000000000001,
        2.5085155,
        1.4092285330000003,
        0.2439,
        0.48241000000000006
    ],
    "13": [
        0.7000000000000001,
        2.5576639500000002,
        1.4683056797000003,
        0.2439,
        0.48241000000000006
    ],
    "14": [
        1.4300000000000002,
        2.5576639500000002,
        1.4683056797000003,
        0.2439,
        0.5341690000000001
    ],
    "15": [
        1.4300000000000002,
        2.6018975550000003,
        1.6214751117300001,
        0.2439,
        0.5341690000000001
    ],
    "16": [
        1.4300000000000002,
        2.6417077995000002,
        1.859327600557,
        0.2439,
        0.5341690000000001
    ],
    "17": [
        1.4300000000000002,
        2.5775370195500003,
        2.1733948405013,
        0.2439,
        0.5341690000000001
    ],
    "18": [
        1.4300000000000002,
        2.619783317595,
        2.45605535645117,
        0.2439,
        0.5341690000000001
    ],
    "19": [
        1.4300000000000002,
        2.6578049858355,
        2.45605535645117,
        0.21951,
        0.5341690000000001
    ],
    "20": [
        2.1870000000000003,
        2.6578049858355,
        2.45605535645117,
        0.21951,
        0.6807521000000001
    ],
    "21": [
        2.1870000000000003,
        2.69202448725195,
        2.910449820806053,
        0.21951,
        0.6807521000000001
    ],
    "22": [
        2.1870000000000003,
        2.722822038526755,
        2.910449820806053,
        0.197559,
        0.6807521000000001
    ],
    "23": [
        2.1870000000000003,
        2.7505398346740795,
        3.219404838725448,
        0.197559,
        0.6807521000000001
    ],
    "24": [
        2.1870000000000003,
        2.7754858512066716,
        3.4974643548529034,
        0.197559,
        0.6807521000000001
    ],
    "25": [
        2.1870000000000003,
        2.8979372660860045,
        3.747717919367613,
        0.197559,
        0.6807521000000001
    ],
    "26": [
        2.1870000000000003,
        3.008143539477404,
        4.072946127430852,
        0.197559,
        0.6807521000000001
    ],
    "27": [
        2.1870000000000003,
        3.1073291855296636,
        4.072946127430852,
        0.17780310000000002,
        0.6807521000000001
    ],
    "28": [
        2.1870000000000003,
        3.196596266976697,
        4.365651514687767,
        0.17780310000000002,
        0.6807521000000001
    ],
    "29": [
        2.1870000000000003,
        3.1769366402790276,
        4.62908636321899,
        0.17780310000000002,
        0.6807521000000001
    ],
    "30": [
        2.1870000000000003,
        3.259242976251125,
        4.866177726897091,
        0.17780310000000002,
        0.6807521000000001
    ],
    "31": [
        2.1870000000000003,
        3.3333186786260125,
        5.079559954207382,
        0.17780310000000002,
        0.6807521000000001
    ],
    "32": [
        2.1870000000000003,
        3.299986810763411,
        5.171603958786644,
        0.17780310000000002,
        0.6807521000000001
    ],
    "33": [
        2.1870000000000003,
        3.36998812968707,
        5.1544435629079794,
        0.17780310000000002,
        0.6807521000000001
    ],
    "34": [
        2.8683000000000005,
        3.5329893167183632,
        5.1544435629079794,
        0.17780310000000002,
        0.6807521000000001
    ],
    "35": [
        3.4814700000000007,
        3.5329893167183632,
        5.1544435629079794,
        0.26002279000000006,
        0.6807521000000001
    ],
    "36": [
        3.4814700000000007,
        3.579690385046527,
        5.038999206617182,
        0.26002279000000006,
        0.6807521000000001
    ],
    "37": [
        3.4814700000000007,
        3.6217213465418743,
        4.935099285955463,
        0.26002279000000006,
        0.6807521000000001
    ],
    "38": [
        3.4814700000000007,
        3.6217213465418743,
        4.741589357359917,
        0.43402051100000005,
        0.6807521000000001
    ],
    "39": [
        3.4814700000000007,
        3.7595492118876868,
        4.567430421623925,
        0.43402051100000005,
        0.6807521000000001
    ],
    "40": [
        3.4814700000000007,
        3.8835942906989183,
        4.310687379461532,
        0.43402051100000005,
        0.6807521000000001
    ],
    "41": [
        3.4814700000000007,
        3.9952348616290263,
        4.179618641515379,
        0.43402051100000005,
        0.6807521000000001
    ],
    "42": [
        3.4814700000000007,
        4.095711375466124,
        4.061656777363841,
        0.43402051100000005,
        0.6807521000000001
    ],
    "43": [
        3.4814700000000007,
        4.186140237919512,
        3.8554910996274567,
        0.43402051100000005,
        0.6807521000000001
    ],
    "44": [
        3.4814700000000007,
        4.26752621412756,
        3.569941989664711,
        0.43402051100000005,
        0.6807521000000001
    ],
    "45": [
        3.4814700000000007,
        4.240773592714804,
        3.31294779069824,
        0.43402051100000005,
        0.6807521000000001
    ],
    "46": [
        4.233323,
        4.1166962334433235,
        3.31294779069824,
        0.43402051100000005,
        0.6807521000000001
    ],
    "47": [
        5.0099907,
        4.1166962334433235,
        3.081653011628416,
        0.43402051100000005,
        0.6807521000000001
    ]
}