{
    "0": [
        0.0,
        0.0,
        0.0,
        0.0,
        0.0,
        0.6,
        0.0,
        0.0,
        0.0,
        5.0,
        5.0,
        0.0,
        0.0,
        0.0,
        0.0,
        0.0,
        0.0,
        5.0,
        0.0,
        3.5,
        0.0,
        5.0,
        0.0,
        0.0,
        0.0,
        0.0,
        0.0,
        0.0,
        0.0,
        0.0
    ],
    "1": [
        0.0,
        0.0,
        0.0,
        0.0,
        0.0,
        0.6,
        0.0,
        0.0,
        0.0,
        5.0,
        5.0,
        0.0,
        0.0,
        0.0,
        0.0,
        0.0,
        0.0,
        3.8,
        0.0,
        3.5,
        0.0,
        3.5,
        0.0,
        0.0,
        0.0,
        0.0,
        0.0,
        0.0,
        0.0,
        0.0
    ],
    "2": [
        0.0,
        0.0,
        0.0,
        0.0,
        0.0,
        0.6,
        0.0,
        0.0,
        0.0,
        5.0,
        5.0,
        0.0,
        0.0,
        0.0,
        0.0,
        0.0,
        0.0,
        3.8,
        0.0,
        2.45,
        0.0,
        3.5,
        0.0,
        0.3,
        0.0,
        0.0,
        0.0,
        0.0,
        0.0,
        0.0
    ],
    "3": [
        0.0,
        0.3,
        0.0,
        0.0,
        0.0,
        0.6,
        0.0,
        0.0,
        0.0,
        5.0,
        4.1,
        0.0,
        0.0,
        0.0,
        0.0,
        0.0,
        0.0,
        3.8,
        0.0,
        1.7150000000000003,
        0.0,
        2.45,
        0.0,
        0.3,
        0.0,
        0.0,
        0.0,
        0.0,
        0.0,
        0.0
    ],
    "4": [
        0.0,
        0.3,
        0.0,
        0.0,
        0.0,
        0.6,
        0.0,
        0.0,
        0.0,
        5.0,
        3.4699999999999998,
        0.0,
        0.0,
        0.0,
        0.0,
        0.0,
        0.0,
        3.8,
        0.0,
        1.7150000000000003,
        0.0,
        2.45,
        0.0,
        0.51,
        0.3,
        0.0,
        0.0,
        0.0,
        0.0,
        0.0
    ],
    "5": [
        0.0,
        0.3,
        0.0,
        0.0,
        0.0,
        0.6,
        0.0,
        0.0,
        0.0,
        5.0,
        3.029,
        0.0,
        0.0,
        0.0,
        0.0,
        0.0,
        0.0,
        3.8,
        0.0,
        1.7150000000000003,
        0.0,
        2.45,
        0.0,
        0.51,
        0.3,
        0.0,
        0.0,
        0.0,
        0.0,
        0.0
    ],
    "6": [
        0.0,
        0.3,
        0.0,
        0.0,
        0.0,
        0.6,
        0.0,
        0.0,
        0.0,
        5.0,
        3.029,
        0.0,
        0.0,
        0.0,
        0.0,
        0.0,
        0.0,
        3.8,
        0.0,
        1.7150000000000003,
        0.0,
        2.45,
        0.0,
        0.51,
        0.3,
        0.0,
        0.0,
        0.0,
        0.0,
        0.0
    ],
    "7": [
        0.0,
        0.3,
        0.0,
        0.0,
        0.0,
        1.02,
        0.0,
        0.0,
        0.0,
        5.0,
        2.7203,
        0.0,
        0.0,
        0.0,
        0.0,
        0.0,
        0.0,
        3.8,
        0.0,
        1.7150000000000003,
        0.0,
        2.45,
        0.0,
        0.51,
        0.3,
        0.0,
        0.0,
        0.0,
        0.0,
        0.0
    ],
    "8": [
        0.0,
        0.3,
        0.0,
        0.0,
        0.0,
        1.314,
        0.0,
        0.0,
        0.0,
        5.0,
        2.7203,
        0.0,
        0.0,
        0.0,
        0.0,
        0.0,
        0.0,
        3.8,
        0.0,
        1.7150000000000003,
        0.0,
        2.45,
        0.0,
        0.657,
        0.3,
        0.0,
        0.0,
        0.0,
        0.0,
        0.0
    ],
    "9": [
        0.0,
        0.3,
        0.0,
        0.0,
        0.0,
        1.314,
        0.0,
        0.0,
        0.0,
        5.0,
        2.80421,
        0.0,
        0.0,
        0.0,
        0.0,
        0.0,
        0.0,
        3.8,
        0.0,
        1.7150000000000003,
        0.0,
        2.45,
        0.0,
        0.657,
        0.51,
        0.0,
        0.0,
        0.0,
        0.0,
        0.0
    ],
    "10": [
        0.0,
        0.3,
        0.0,
        0.0,
        0.0,
        1.314,
        0.0,
        0.0,
        0.0,
        5.0,
        2.562947,
        0.0,
        0.0,
        0.0,
        0.0,
        0.0,
        0.0,
        3.8,
        0.0,
        1.2005000000000003,
        0.0,
        2.45,
        0.0,
        0.657,
        0.51,
        0.0,
        0.0,
        0.0,
        0.0,
        0.0
    ],
    "11": [
        0.0,
        0.3,
        0.0,
        0.0,
        0.0,
        1.314,
        0.0,
        0.0,
        0.0,
        5.0,
        2.3940628999999998,
        0.0,
        0.0,
        0.0,
        0.0,
        0.0,
        0.0,
        3.8,
        0.0,
        1.2005000000000003,
        0.0,
        2.45,
        0.0,
        0.7599,
        0.51,
        0.0,
        0.0,
        0.0,
        0.0,
        0.0
    ],
    "12": [
        0.0,
        0.3,
        0.0,
        0.0,
        0.0,
        1.314,
        0.0,
        0.0,
        0.0,
        5.0,
        2.3940628999999998,
        0.0,
        0.0,
        0.0,
        0.0,
        0.0,
        0.0,
        3.8,
        0.0,
        1.2005000000000003,
        0.0,
        2.45,
        0.0,
        0.8319300000000001,
        0.51,
        0.0,
        0.0,
        0.0,
        0.0,
        0.0
    ],
    "13": [
        0.0,
        0.3,
        0.0,
        0.0,
        0.0,
        1.314,
        0.0,
        0.0,
        0.0,
        5.0,
        2.3940628999999998,
        0.0,
        0.0,
        0.0,
        0.0,
        0.0,
        0.0,
        3.26,
        0.0,
        1.2005000000000003,
        0.0,
        1.7150000000000003,
        0.0,
        0.8319300000000001,
        0.51,
        0.0,
        0.0,
        0.0,
        0.0,
        0.0
    ]
}