{
    "0": [
        17.7,
        0.0,
        0.0,
        5.0,
        5.0,
        0.0,
        0.0,
        0.0,
        0.0,
        0.0,
        5.0,
        45.9,
        0.0,
        0.0,
        0.0,
        5.0,
        0.0,
        0.0,
        0.0,
        0.0,
        16.5,
        0.0,
        0.0,
        0.0,
        5.0,
        0.0,
        0.0,
        0.0,
        0.0,
        0.0
    ],
    "1": [
        17.7,
        0.0,
        0.0,
        5.0,
        5.0,
        19.2,
        0.0,
        0.0,
        0.0,
        0.0,
        5.0,
        77.72999999999999,
        0.0,
        0.0,
        0.0,
        5.0,
        13.5,
        0.0,
        0.0,
        0.0,
        16.5,
        0.0,
        0.0,
        0.0,
        5.0,
        0.0,
        0.0,
        0.0,
        0.0,
        0.0
    ],
    "2": [
        30.089999999999996,
        0.0,
        0.0,
        5.0,
        5.0,
        19.2,
        0.0,
        0.0,
        0.0,
        18.599999999999998,
        5.0,
        100.011,
        0.0,
        0.0,
        0.0,
        5.0,
        23.25,
        0.0,
        0.0,
        0.0,
        16.5,
        0.0,
        0.0,
        0.0,
        5.0,
        0.0,
        0.0,
        0.0,
        0.0,
        0.0
    ],
    "3": [
        30.089999999999996,
        0.0,
        0.0,
        5.0,
        67.1,
        19.2,
        0.0,
        0.0,
        0.0,
        18.599999999999998,
        5.0,
        117.1077,
        0.0,
        0.0,
        0.0,
        5.0,
        29.475,
        0.0,
        0.0,
        0.0,
        28.35,
        0.0,
        0.0,
        0.0,
        5.0,
        0.0,
        0.0,
        0.0,
        0.0,
        0.0
    ],
    "4": [
        41.462999999999994,
        0.0,
        0.0,
        5.0,
        113.57,
        19.2,
        0.0,
        0.0,
        0.0,
        30.72,
        5.0,
        129.97539,
        0.0,
        0.0,
        0.0,
        5.0,
        29.475,
        0.0,
        0.0,
        0.0,
        36.945,
        0.0,
        0.0,
        0.0,
        5.0,
        0.0,
        0.0,
        0.0,
        0.0,
        0.0
    ],
    "5": [
        41.462999999999994,
        0.0,
        0.0,
        5.0,
        143.69899999999998,
        31.74,
        0.0,
        0.0,
        0.0,
        30.72,
        5.0,
        141.682773,
        0.0,
        0.0,
        0.0,
        5.0,
        33.5325,
        0.0,
        0.0,
        0.0,
        40.8615,
        0.0,
        0.0,
        0.0,
        5.0,
        0.0,
        0.0,
        0.0,
        0.0,
        0.0
    ],
    "6": [
        50.6241,
        0.0,
        0.0,
        34.4,
        162.6893,
        31.74,
        0.0,
        0.0,
        0.0,
        30.72,
        5.0,
        148.3779411,
        0.0,
        0.0,
        0.0,
        5.0,
        33.5325,
        0.0,
        0.0,
        0.0,
        43.90305,
        0.0,
        0.0,
        0.0,
        5.0,
        0.0,
        0.0,
        0.0,
        0.0,
        0.0
    ],
    "7": [
        57.03687,
        0.0,
        0.0,
        55.879999999999995,
        173.58251,
        31.74,
        0.0,
        0.0,
        0.0,
        30.72,
        5.0,
        155.16455876999999,
        0.0,
        0.0,
        0.0,
        5.0,
        36.07275,
        0.0,
        0.0,
        0.0,
        43.90305,
        0.0,
        0.0,
        0.0,
        5.0,
        0.0,
        0.0,
        0.0,
        0.0,
        0.0
    ],
    "8": [
        60.925809,
        0.0,
        0.0,
        73.316,
        180.007757,
        31.74,
        0.0,
        0.0,
        0.0,
        30.72,
        5.0,
        158.415191139,
        0.0,
        0.0,
        0.0,
        5.0,
        36.350925,
        0.0,
        0.0,
        0.0,
        43.90305,
        0.0,
        0.0,
        0.0,
        5.0,
        0.0,
        0.0,
        0.0,
        0.0,
        0.0
    ],
    "9": [
        64.2480663,
        0.0,
        0.0,
        88.5212,
        185.1054299,
        31.74,
        0.0,
        0.0,
        0.0,
        30.72,
        5.0,
        160.3906337973,
        0.0,
        0.0,
        0.0,
        5.0,
        36.350925,
        0.0,
        0.0,
        0.0,
        48.432135,
        0.0,
        0.0,
        0.0,
        5.0,
        0.0,
        0.0,
        0.0,
        0.0,
        0.0
    ],
    "10": [
        64.2480663,
        0.0,
        0.0,
        99.46484,
        186.57380093,
        31.74,
        0.0,
        0.0,
        0.0,
        30.72,
        5.0,
        160.27344365811,
        0.0,
        0.0,
        0.0,
        5.0,
        36.350925,
        0.0,
        0.0,
        0.0,
        50.4024945,
        0.0,
        0.0,
        0.0,
        5.0,
        0.0,
        0.0,
        0.0,
        0.0,
        0.0
    ],
    "11": [
        65.97364641,
        0.0,
        0.0,
        107.725388,
        186.701660651,
        31.74,
        0.0,
        0.0,
        0.0,
        30.72,
        5.0,
        159.891410560677,
        0.0,
        0.0,
        0.0,
        5.0,
        38.3456475,
        0.0,
        0.0,
        0.0,
        50.4024945,
        0.0,
        0.0,
        0.0,
        5.0,
        0.0,
        0.0,
        0.0,
        0.0,
        0.0
    ],
    "12": [
        67.781552487,
        0.0,
        0.0,
        114.40777159999999,
        187.3911624557,
        31.74,
        0.0,
        0.0,
        0.0,
        30.72,
        5.0,
        157.8239873924739,
        0.0,
        0.0,
        0.0,
        5.0,
        39.74195325,
        0.0,
        0.0,
        0.0,
        50.4024945,
        0.0,
        0.0,
        0.0,
        5.0,
        0.0,
        0.0,
        0.0,
        0.0,
        0.0
    ],
    "13": [
        69.6470867409,
        0.0,
        0.0,
        121.78544011999999,
        190.87381371899,
        31.74,
        0.0,
        0.0,
        0.0,
        30.72,
        5.0,
        156.97679117473172,
        0.0,
        0.0,
        0.0,
        5.0,
        39.519367275,
        0.0,
        0.0,
        0.0,
        50.4024945,
        0.0,
        0.0,
        0.0,
        5.0,
        0.0,
        0.0,
        0.0,
        0.0,
        0.0
    ]
}