{
    "0": [
        0.0,
        2.0,
        2.5,
        0.0,
        0.0
    ],
    "1": [
        3.0,
        3.5,
        2.5,
        0.0,
        0.0
    ],
    "2": [
        4.0,
        3.5,
        2.75,
        0.0,
        0.0
    ],
    "3": [
        4.5,
        3.5,
        2.875,
        0.0,
        0.0
    ],
    "4": [
        4.5,
        3.5,
        2.9375,
        0.5,
        0.0
    ],
    "5": [
        5.75,
        4.25,
        2.9375,
        0.5,
        0.0
    ],
    "6": [
        6.375,
        4.625,
        2.9375,
        0.5,
        0.0
    ],
    "7": [
        6.6875,
        4.625,
        2.46875,
        0.5,
        0.0
    ],
    "8": [
        6.84375,
        4.8125,
        2.46875,
        0.5,
        0.0
    ],
    "9": [
        6.921875,
        4.90625,
        2.46875,
        0.5,
        0.0
    ],
    "10": [
        6.9609375,
        4.453125,
        2.46875,
        0.5,
        0.0
    ],
    "11": [
        6.98046875,
        4.2265625,
        2.46875,
        0.5,
        0.0
    ],
    "12": [
        6.990234375,
        3.61328125,
        2.46875,
        0.5,
        0.0
    ],
    "13": [
        7.4951171875,
        3.61328125,
        2.234375,
        0.5,
        0.0
    ],
    "14": [
        7.74755859375,
        3.306640625,
        2.234375,
        0.5,
        0.0
    ],
    "15": [
        8.373779296875,
        3.306640625,
        2.6171875,
        0.5,
        0.0
    ],
    "16": [
        8.6868896484375,
        3.306640625,
        3.30859375,
        0.5,
        0.0
    ],
    "17": [
        8.84344482421875,
        3.306640625,
        4.154296875,
        0.5,
        0.0
    ],
    "18": [
        9.421722412109375,
        3.306640625,
        4.5771484375,
        0.5,
        0.0
    ],
    "19": [
        9.210861206054688,
        3.306640625,
        5.28857421875,
        0.5,
        0.0
    ],
    "20": [
        9.105430603027344,
        3.1533203125,
        5.28857421875,
        0.5,
        0.0
    ],
    "21": [
        9.052715301513672,
        3.1533203125,
        6.144287109375,
        0.5,
        0.0
    ],
    "22": [
        9.026357650756836,
        3.1533203125,
        6.5721435546875,
        0.5,
        0.0
    ],
    "23": [
        8.513178825378418,
        3.1533203125,
        6.28607177734375,
        0.5,
        0.0
    ],
    "24": [
        8.756589412689209,
        3.1533203125,
        6.143035888671875,
        0.5,
        0.0
    ],
    "25": [
        8.378294706344604,
        3.1533203125,
        6.0715179443359375,
        0.5,
        0.0
    ],
    "26": [
        7.689147353172302,
        3.1533203125,
        6.535758972167969,
        0.5,
        0.0
    ],
    "27": [
        6.844573676586151,
        3.1533203125,
        6.767879486083984,
        0.5,
        0.0
    ],
    "28": [
        6.422286838293076,
        3.57666015625,
        6.767879486083984,
        0.5,
        0.0
    ],
    "29": [
        6.711143419146538,
        3.57666015625,
        6.883939743041992,
        0.5,
        0.0
    ],
    "30": [
        6.855571709573269,
        3.57666015625,
        6.941969871520996,
        0.5,
        0.0
    ],
    "31": [
        6.855571709573269,
        3.788330078125,
        6.970984935760498,
        0.5,
        0.0
    ],
    "32": [
        6.9277858547866344,
        3.788330078125,
        6.485492467880249,
        0.5,
        0.0
    ],
    "33": [
        6.963892927393317,
        3.788330078125,
        5.7427462339401245,
        0.5,
        0.0
    ],
    "34": [
        7.981946463696659,
        3.788330078125,
        5.871373116970062,
        0.5,
        0.0
    ],
    "35": [
        8.49097323184833,
        3.788330078125,
        4.935686558485031,
        0.5,
        0.0
    ],
    "36": [
        8.745486615924165,
        3.788330078125,
        4.467843279242516,
        0.5,
        0.0
    ],
    "37": [
        8.872743307962082,
        3.788330078125,
        4.233921639621258,
        0.5,
        0.0
    ],
    "38": [
        8.936371653981041,
        3.788330078125,
        3.616960819810629,
        0.5,
        0.0
    ],
    "39": [
        8.46818582699052,
        3.788330078125,
        3.3084804099053144,
        0.5,
        0.0
    ],
    "40": [
        8.23409291349526,
        4.3941650390625,
        3.3084804099053144,
        0.5,
        0.0
    ],
    "41": [
        8.61704645674763,
        4.69708251953125,
        3.3084804099053144,
        0.5,
        0.0
    ],
    "42": [
        8.808523228373815,
        4.69708251953125,
        3.3084804099053144,
        1.25,
        0.0
    ],
    "43": [
        8.904261614186908,
        4.848541259765625,
        3.3084804099053144,
        1.25,
        0.0
    ],
    "44": [
        9.952130807093454,
        4.9242706298828125,
        3.3084804099053144,
        1.25,
        0.0
    ],
    "45": [
        10.476065403546727,
        4.462135314941406,
        3.3084804099053144,
        1.25,
        0.0
    ],
    "46": [
        10.738032701773363,
        4.462135314941406,
        2.1542402049526572,
        1.25,
        0.0
    ],
    "47": [
        11.369016350886682,
        3.731067657470703,
        2.1542402049526572,
        1.25,
        0.0
    ]
}