{
    "0": [
        0.0,
        0.0,
        0.0,
        5.0,
        5.0,
        0.0,
        21.3,
        0.0,
        0.0,
        0.0,
        5.0,
        0.0,
        0.0,
        0.0,
        0.0,
        45.5,
        0.0,
        0.0,
        57.3,
        0.0,
        0.0,
        0.0,
        0.0,
        0.0,
        5.0,
        0.0,
        0.0,
        0.0,
        0.0,
        0.0
    ],
    "1": [
        0.0,
        0.0,
        0.0,
        5.0,
        5.0,
        0.0,
        21.3,
        0.0,
        0.0,
        0.0,
        5.0,
        0.0,
        0.0,
        0.0,
        8.4,
        78.05,
        11.1,
        0.0,
        97.71,
        0.0,
        0.0,
        0.0,
        0.0,
        0.0,
        5.0,
        0.0,
        0.0,
        0.0,
        0.0,
        0.0
    ],
    "2": [
        0.0,
        0.0,
        0.0,
        5.0,
        24.8,
        0.0,
        38.010000000000005,
        0.0,
        0.0,
        0.0,
        5.0,
        0.0,
        0.0,
        0.0,
        14.88,
        100.235,
        11.1,
        0.0,
        127.197,
        0.0,
        0.0,
        0.0,
        0.0,
        0.0,
        5.0,
        0.0,
        0.0,
        0.0,
        0.0,
        0.0
    ],
    "3": [
        0.0,
        0.0,
        0.0,
        5.0,
        24.8,
        0.0,
        49.707,
        0.0,
        0.0,
        0.0,
        5.0,
        0.0,
        0.0,
        0.0,
        14.88,
        117.2645,
        11.1,
        0.0,
        149.0379,
        0.0,
        0.0,
        0.0,
        0.0,
        0.0,
        5.0,
        77.7,
        0.0,
        0.0,
        0.0,
        0.0
    ],
    "4": [
        0.0,
        0.0,
        0.0,
        5.0,
        42.260000000000005,
        0.0,
        57.8949,
        0.0,
        0.0,
        0.0,
        5.0,
        0.0,
        0.0,
        0.0,
        14.88,
        130.38515,
        11.1,
        0.0,
        162.82653,
        0.0,
        0.0,
        0.0,
        0.0,
        0.0,
        5.0,
        132.69,
        0.0,
        0.0,
        0.0,
        0.0
    ],
    "5": [
        0.0,
        0.0,
        0.0,
        5.0,
        42.260000000000005,
        0.0,
        63.32643,
        0.0,
        0.0,
        0.0,
        5.0,
        0.0,
        0.0,
        0.0,
        14.88,
        136.869605,
        17.97,
        0.0,
        171.878571,
        0.0,
        0.0,
        0.0,
        0.0,
        0.0,
        5.0,
        171.183,
        0.0,
        0.0,
        0.0,
        0.0
    ],
    "6": [
        0.0,
        0.0,
        0.0,
        5.0,
        53.582,
        0.0,
        68.028501,
        0.0,
        0.0,
        0.0,
        5.0,
        0.0,
        0.0,
        0.0,
        14.88,
        137.8087235,
        17.97,
        0.0,
        178.2149997,
        0.0,
        0.0,
        0.0,
        0.0,
        0.0,
        5.0,
        196.3281,
        0.0,
        0.0,
        0.0,
        0.0
    ],
    "7": [
        0.0,
        0.0,
        0.0,
        5.0,
        60.9074,
        0.0,
        73.1199507,
        0.0,
        0.0,
        0.0,
        5.0,
        0.0,
        0.0,
        0.0,
        14.88,
        140.56610645,
        17.97,
        0.0,
        185.05049979,
        0.0,
        0.0,
        0.0,
        0.0,
        0.0,
        5.0,
        211.82967,
        0.0,
        0.0,
        0.0,
        0.0
    ],
    "8": [
        0.0,
        0.0,
        0.0,
        5.0,
        63.035180000000004,
        0.0,
        76.68396549,
        0.0,
        0.0,
        0.0,
        5.0,
        0.0,
        0.0,
        0.0,
        14.88,
        144.89627451500002,
        17.97,
        0.0,
        189.235349853,
        0.0,
        0.0,
        0.0,
        0.0,
        0.0,
        5.0,
        220.580769,
        0.0,
        0.0,
        0.0,
        0.0
    ],
    "9": [
        0.0,
        0.0,
        0.0,
        5.0,
        67.224626,
        0.0,
        77.078775843,
        0.0,
        0.0,
        0.0,
        5.0,
        0.0,
        0.0,
        0.0,
        14.88,
        147.3273921605,
        17.97,
        0.0,
        188.8647448971,
        0.0,
        0.0,
        0.0,
        0.0,
        0.0,
        5.0,
        226.4065383,
        0.0,
        0.0,
        0.0,
        0.0
    ],
    "10": [
        0.0,
        0.0,
        0.0,
        5.0,
        69.5572382,
        0.0,
        77.9551430901,
        0.0,
        0.0,
        0.0,
        5.0,
        0.0,
        0.0,
        0.0,
        14.88,
        149.62917451235,
        17.97,
        0.0,
        189.20532142797,
        0.0,
        0.0,
        0.0,
        0.0,
        0.0,
        5.0,
        231.38457681,
        0.0,
        0.0,
        0.0,
        0.0
    ],
    "11": [
        0.0,
        0.0,
        0.0,
        5.0,
        70.29006674,
        0.0,
        77.66860016307,
        0.0,
        0.0,
        0.0,
        5.0,
        0.0,
        0.0,
        0.0,
        14.88,
        150.04042215864501,
        17.97,
        0.0,
        189.143724999579,
        0.0,
        0.0,
        0.0,
        0.0,
        0.0,
        5.0,
        234.869203767,
        0.0,
        0.0,
        0.0,
        0.0
    ],
    "12": [
        0.0,
        0.0,
        0.0,
        5.0,
        72.903046718,
        0.0,
        78.668020114149,
        0.0,
        0.0,
        0.0,
        5.0,
        0.0,
        0.0,
        0.0,
        14.88,
        151.82829551105152,
        17.97,
        0.0,
        193.3006074997053,
        0.0,
        0.0,
        0.0,
        0.0,
        0.0,
        5.0,
        238.8084426369,
        0.0,
        0.0,
        0.0,
        0.0
    ],
    "13": [
        0.0,
        0.0,
        0.0,
        5.0,
        75.0321327026,
        0.0,
        79.6676140799043,
        0.0,
        0.0,
        0.0,
        5.0,
        0.0,
        0.0,
        0.0,
        14.88,
        153.37980685773607,
        17.97,
        0.0,
        197.41042524979372,
        0.0,
        0.0,
        0.0,
        0.0,
        0.0,
        5.0,
        244.56590984583,
        0.0,
        0.0,
        0.0,
        0.0
    ]
}